P,norm,model,id_acc_mean,id_acc_std,ood_acc_mean,ood_acc_std,ood_auroc_mean,ood_auroc_std,n
10,log1p,DecisionTree,0.581240,0.003642,0.536420,0.008681,0.503712,0.011863,5
10,log1p,MLP,0.578960,0.006712,0.536200,0.011134,0.553059,0.062902,5
10,log1p,RandomForest,0.582580,0.003388,0.536440,0.008839,0.521646,0.043992,5
10,log1p,Transformer,0.579020,0.005600,0.539980,0.008426,0.497231,0.045258,5
10,raw,DecisionTree,0.581320,0.003549,0.536420,0.008681,0.503815,0.011861,5
10,raw,MLP,0.579780,0.007066,0.536980,0.009247,0.544234,0.045169,5
10,raw,RandomForest,0.582820,0.003245,0.536440,0.008839,0.503177,0.060912,5
10,raw,Transformer,0.578380,0.004532,0.535380,0.012973,0.486245,0.015834,5
10,zscore,DecisionTree,0.581260,0.003647,0.536420,0.008681,0.503710,0.011992,5
10,zscore,MLP,0.580960,0.005251,0.534960,0.008078,0.540830,0.045525,5
10,zscore,RandomForest,0.582640,0.003457,0.536440,0.008839,0.465596,0.056607,5
10,zscore,Transformer,0.579040,0.007657,0.533840,0.015445,0.533840,0.047546,5
20,log1p,DecisionTree,0.628160,0.006649,0.571940,0.007326,0.553396,0.016081,5
20,log1p,MLP,0.639580,0.004754,0.572980,0.007803,0.561921,0.009190,5
20,log1p,RandomForest,0.636880,0.004749,0.573900,0.005433,0.549135,0.014330,5
20,log1p,Transformer,0.623240,0.006373,0.567620,0.018038,0.502393,0.013376,5
20,raw,DecisionTree,0.628060,0.006313,0.570520,0.007561,0.555065,0.016914,5
20,raw,MLP,0.638740,0.005758,0.574000,0.007060,0.566517,0.010711,5
20,raw,RandomForest,0.636640,0.004249,0.573900,0.005433,0.547677,0.012474,5
20,raw,Transformer,0.631940,0.008507,0.578860,0.010255,0.496665,0.015705,5
20,zscore,DecisionTree,0.628280,0.006148,0.571020,0.006861,0.551942,0.013215,5
20,zscore,MLP,0.638680,0.001105,0.574960,0.008266,0.556324,0.013565,5
20,zscore,RandomForest,0.636840,0.005041,0.573900,0.005433,0.547453,0.008236,5
20,zscore,Transformer,0.626440,0.008358,0.566700,0.009723,0.504306,0.031835,5
30,log1p,DecisionTree,0.655660,0.008950,0.584180,0.005280,0.597498,0.011932,5
30,log1p,MLP,0.689720,0.003976,0.583280,0.003695,0.632415,0.010366,5
30,log1p,RandomForest,0.673900,0.008066,0.600140,0.005901,0.533423,0.021897,5
30,log1p,Transformer,0.663080,0.015375,0.561540,0.013179,0.604222,0.061080,5
30,raw,DecisionTree,0.655940,0.009785,0.585500,0.005458,0.592850,0.011985,5
30,raw,MLP,0.688220,0.002619,0.583020,0.004914,0.630321,0.023600,5
30,raw,RandomForest,0.672940,0.008436,0.599240,0.006006,0.532135,0.021355,5
30,raw,Transformer,0.665320,0.008438,0.562400,0.008616,0.596173,0.029068,5
30,zscore,DecisionTree,0.654860,0.008969,0.585000,0.003741,0.593498,0.016175,5
30,zscore,MLP,0.684940,0.006842,0.586860,0.004792,0.644145,0.019988,5
30,zscore,RandomForest,0.673100,0.008646,0.600420,0.006192,0.533286,0.021011,5
30,zscore,Transformer,0.669220,0.011941,0.577560,0.013395,0.596192,0.015493,5
40,log1p,DecisionTree,0.665460,0.004667,0.596980,0.005634,0.596712,0.015283,5
40,log1p,MLP,0.717400,0.008666,0.611320,0.006101,0.655124,0.014022,5
40,log1p,RandomForest,0.697420,0.003796,0.622820,0.001622,0.547710,0.007145,5
40,log1p,Transformer,0.690100,0.002580,0.578560,0.005794,0.620084,0.018356,5
40,raw,DecisionTree,0.662680,0.005700,0.596480,0.006423,0.587390,0.010573,5
40,raw,MLP,0.719240,0.005981,0.610880,0.004993,0.641406,0.021731,5
40,raw,RandomForest,0.695500,0.003206,0.623100,0.000846,0.545216,0.008386,5
40,raw,Transformer,0.693660,0.002578,0.585760,0.005246,0.599858,0.037267,5
40,zscore,DecisionTree,0.662660,0.003584,0.596280,0.004321,0.590297,0.017884,5
40,zscore,MLP,0.714060,0.002452,0.611480,0.007812,0.650436,0.015151,5
40,zscore,RandomForest,0.695820,0.003165,0.623300,0.001409,0.545237,0.007600,5
40,zscore,Transformer,0.693120,0.005806,0.586340,0.006478,0.588617,0.031863,5
50,log1p,DecisionTree,0.675560,0.005105,0.600140,0.004245,0.600062,0.009925,5
50,log1p,MLP,0.758780,0.003171,0.631880,0.002595,0.657386,0.012058,5
50,log1p,RandomForest,0.730480,0.004482,0.638760,0.002719,0.563674,0.007381,5
50,log1p,Transformer,0.722220,0.008889,0.599760,0.015667,0.669346,0.023241,5
50,raw,DecisionTree,0.677160,0.004542,0.599640,0.007757,0.592607,0.007813,5
50,raw,MLP,0.760400,0.002740,0.632140,0.004245,0.650993,0.009693,5
50,raw,RandomForest,0.728640,0.004621,0.639120,0.003772,0.561230,0.008253,5
50,raw,Transformer,0.721640,0.002802,0.601200,0.003356,0.649797,0.008782,5
50,zscore,DecisionTree,0.679760,0.003502,0.600060,0.006799,0.598364,0.010419,5
50,zscore,MLP,0.755880,0.004786,0.631440,0.005732,0.663088,0.003893,5
50,zscore,RandomForest,0.729360,0.004471,0.637000,0.002442,0.562719,0.006661,5
50,zscore,Transformer,0.722060,0.004726,0.600880,0.005406,0.652197,0.013792,5
60,log1p,DecisionTree,0.681200,0.004695,0.602560,0.003458,0.605174,0.010576,5
60,log1p,MLP,0.780920,0.005068,0.648240,0.004488,0.659085,0.004866,5
60,log1p,RandomForest,0.745520,0.006330,0.644340,0.002495,0.564351,0.005067,5
60,log1p,Transformer,0.734540,0.004794,0.612620,0.009922,0.685965,0.011843,5
60,raw,DecisionTree,0.683000,0.006005,0.601440,0.005857,0.598466,0.006067,5
60,raw,MLP,0.780340,0.005537,0.648340,0.004238,0.657336,0.004503,5
60,raw,RandomForest,0.743980,0.006082,0.645420,0.002194,0.561075,0.003679,5
60,raw,Transformer,0.738360,0.004736,0.611480,0.008647,0.667991,0.017033,5
60,zscore,DecisionTree,0.685660,0.006559,0.603560,0.004590,0.600029,0.008186,5
60,zscore,MLP,0.777680,0.007158,0.651300,0.001027,0.667497,0.005114,5
60,zscore,RandomForest,0.744260,0.005167,0.644760,0.003138,0.563282,0.003810,5
60,zscore,Transformer,0.741400,0.004829,0.617920,0.009952,0.665779,0.014129,5
70,log1p,DecisionTree,0.697260,0.004168,0.612180,0.003056,0.604775,0.004555,5
70,log1p,MLP,0.797180,0.006196,0.668420,0.003056,0.661165,0.003208,5
70,log1p,RandomForest,0.762160,0.003472,0.658720,0.004143,0.566641,0.007578,5
70,log1p,Transformer,0.753180,0.005950,0.622080,0.007781,0.688098,0.024722,5
70,raw,DecisionTree,0.691920,0.007025,0.612300,0.001989,0.602588,0.010341,5
70,raw,MLP,0.801260,0.002952,0.669280,0.002058,0.657738,0.005640,5
70,raw,RandomForest,0.759460,0.005482,0.657340,0.004915,0.563860,0.008956,5
70,raw,Transformer,0.754980,0.006763,0.624060,0.007888,0.681103,0.015130,5
70,zscore,DecisionTree,0.695740,0.007945,0.614780,0.005316,0.599490,0.007687,5
70,zscore,MLP,0.799460,0.001426,0.667080,0.003946,0.667102,0.005867,5
70,zscore,RandomForest,0.760100,0.003792,0.658320,0.004123,0.565405,0.007462,5
70,zscore,Transformer,0.758420,0.002740,0.629540,0.008798,0.690874,0.007458,5
80,log1p,DecisionTree,0.700340,0.003948,0.621520,0.007171,0.603243,0.005026,5
80,log1p,MLP,0.812820,0.005142,0.685180,0.006186,0.666251,0.003947,5
80,log1p,RandomForest,0.773580,0.004363,0.667020,0.003649,0.574449,0.009027,5
80,log1p,Transformer,0.770240,0.007184,0.636920,0.004998,0.692990,0.010323,5
80,raw,DecisionTree,0.694920,0.005481,0.616540,0.003812,0.597693,0.005236,5
80,raw,MLP,0.816000,0.003058,0.685000,0.002951,0.661116,0.006286,5
80,raw,RandomForest,0.768820,0.005569,0.665080,0.002563,0.569407,0.008680,5
80,raw,Transformer,0.771200,0.006319,0.636500,0.008464,0.701329,0.018217,5
80,zscore,DecisionTree,0.696340,0.008794,0.618420,0.005193,0.600160,0.002069,5
80,zscore,MLP,0.812020,0.005757,0.686460,0.004448,0.671161,0.005602,5
80,zscore,RandomForest,0.770480,0.005473,0.669340,0.002211,0.569883,0.007858,5
80,zscore,Transformer,0.774920,0.005736,0.635900,0.006095,0.709089,0.026533,5
90,log1p,DecisionTree,0.707880,0.003976,0.617560,0.010323,0.600724,0.006713,5
90,log1p,MLP,0.829900,0.002418,0.696680,0.002225,0.671264,0.004650,5
90,log1p,RandomForest,0.787800,0.003447,0.673600,0.004239,0.577552,0.009379,5
90,log1p,Transformer,0.785780,0.003508,0.646180,0.003117,0.705265,0.020781,5
90,raw,DecisionTree,0.700520,0.003466,0.616340,0.003171,0.595102,0.007959,5
90,raw,MLP,0.828560,0.002377,0.695740,0.003767,0.670666,0.005366,5
90,raw,RandomForest,0.783620,0.005403,0.673260,0.004408,0.572725,0.009212,5
90,raw,Transformer,0.783140,0.005107,0.651080,0.005662,0.707060,0.013333,5
90,zscore,DecisionTree,0.702940,0.006290,0.617460,0.004221,0.591524,0.008954,5
90,zscore,MLP,0.829400,0.004298,0.695980,0.003325,0.680548,0.005255,5
90,zscore,RandomForest,0.785180,0.005327,0.673880,0.004028,0.573725,0.009586,5
90,zscore,Transformer,0.784280,0.003373,0.650280,0.007206,0.706591,0.023758,5
100,log1p,DecisionTree,0.709120,0.003640,0.620800,0.005698,0.592915,0.003760,5
100,log1p,MLP,0.838940,0.004617,0.707160,0.006864,0.676077,0.004555,5
100,log1p,RandomForest,0.795980,0.004491,0.677480,0.003174,0.582520,0.006798,5
100,log1p,Transformer,0.798800,0.006875,0.656520,0.012977,0.704562,0.011922,5
100,raw,DecisionTree,0.702660,0.010900,0.624580,0.004729,0.588378,0.008112,5
100,raw,MLP,0.845020,0.005552,0.711980,0.006490,0.678858,0.005134,5
100,raw,RandomForest,0.791420,0.006112,0.678160,0.003882,0.576354,0.008355,5
100,raw,Transformer,0.805840,0.005950,0.659660,0.008412,0.724898,0.016416,5
100,zscore,DecisionTree,0.707160,0.007625,0.620260,0.003373,0.590631,0.006052,5
100,zscore,MLP,0.840120,0.004332,0.711500,0.006397,0.682332,0.003635,5
100,zscore,RandomForest,0.792640,0.003416,0.679020,0.004979,0.577563,0.005441,5
100,zscore,Transformer,0.800960,0.009556,0.654980,0.019251,0.722581,0.029919,5
110,log1p,DecisionTree,0.711740,0.006229,0.623600,0.007578,0.599657,0.008878,5
110,log1p,MLP,0.853180,0.000844,0.723240,0.004001,0.684528,0.001102,5
110,log1p,RandomForest,0.800260,0.004834,0.680420,0.005810,0.581467,0.008902,5
110,log1p,Transformer,0.811260,0.008116,0.660640,0.012246,0.715107,0.016738,5
110,raw,DecisionTree,0.706060,0.009616,0.618160,0.005235,0.591885,0.010190,5
110,raw,MLP,0.852160,0.003593,0.719380,0.003457,0.678887,0.004955,5
110,raw,RandomForest,0.796460,0.006648,0.679920,0.001869,0.573965,0.009450,5
110,raw,Transformer,0.812800,0.005770,0.673080,0.003033,0.725074,0.019010,5
110,zscore,DecisionTree,0.705040,0.004175,0.621260,0.004387,0.595402,0.010994,5
110,zscore,MLP,0.847200,0.003787,0.715400,0.004491,0.687919,0.005558,5
110,zscore,RandomForest,0.798460,0.005212,0.682620,0.005310,0.577894,0.008872,5
110,zscore,Transformer,0.804000,0.009143,0.663280,0.005757,0.722276,0.026242,5
120,log1p,DecisionTree,0.708220,0.009421,0.625560,0.004904,0.595311,0.007929,5
120,log1p,MLP,0.855080,0.005061,0.725720,0.005178,0.686679,0.003819,5
120,log1p,RandomForest,0.805440,0.004710,0.686860,0.005517,0.583709,0.009424,5
120,log1p,Transformer,0.821540,0.007443,0.688600,0.004462,0.714621,0.016017,5
120,raw,DecisionTree,0.707020,0.010687,0.622520,0.005001,0.589317,0.004030,5
120,raw,MLP,0.859180,0.004727,0.729040,0.004124,0.685693,0.006307,5
120,raw,RandomForest,0.800640,0.005233,0.683500,0.005487,0.574293,0.007582,5
120,raw,Transformer,0.822460,0.007544,0.679920,0.006983,0.725686,0.014480,5
120,zscore,DecisionTree,0.709440,0.010186,0.622740,0.002520,0.593159,0.004971,5
120,zscore,MLP,0.853600,0.003892,0.723820,0.004738,0.691414,0.003380,5
120,zscore,RandomForest,0.801460,0.005281,0.685340,0.004524,0.578515,0.007456,5
120,zscore,Transformer,0.820180,0.008091,0.674620,0.004683,0.728348,0.010176,5
130,log1p,DecisionTree,0.725480,0.007275,0.632460,0.007464,0.589214,0.008826,5
130,log1p,MLP,0.869160,0.003186,0.739000,0.005603,0.690862,0.003186,5
130,log1p,RandomForest,0.818460,0.004839,0.696100,0.006361,0.588956,0.008659,5
130,log1p,Transformer,0.834640,0.005230,0.695600,0.006077,0.717981,0.027572,5
130,raw,DecisionTree,0.727200,0.006468,0.634580,0.003842,0.594521,0.007234,5
130,raw,MLP,0.872780,0.004245,0.740000,0.008230,0.693489,0.004801,5
130,raw,RandomForest,0.813520,0.005349,0.696700,0.007057,0.580912,0.009446,5
130,raw,Transformer,0.837860,0.010629,0.686800,0.012652,0.743732,0.016173,5
130,zscore,DecisionTree,0.727300,0.005245,0.629540,0.002339,0.596254,0.007846,5
130,zscore,MLP,0.868600,0.007216,0.735000,0.006820,0.698370,0.005433,5
130,zscore,RandomForest,0.815520,0.004918,0.698140,0.007416,0.583568,0.007879,5
130,zscore,Transformer,0.830420,0.012772,0.690440,0.014860,0.734362,0.008720,5
140,log1p,DecisionTree,0.721820,0.010967,0.632080,0.007280,0.591849,0.006460,5
140,log1p,MLP,0.876840,0.004113,0.747100,0.007139,0.698845,0.004828,5
140,log1p,RandomForest,0.818900,0.003819,0.702060,0.007014,0.593558,0.008121,5
140,log1p,Transformer,0.843160,0.007787,0.704120,0.003652,0.738530,0.023864,5
140,raw,DecisionTree,0.724700,0.010326,0.633140,0.005174,0.586990,0.005704,5
140,raw,MLP,0.878400,0.005026,0.747020,0.003373,0.696930,0.006806,5
140,raw,RandomForest,0.817260,0.003925,0.700340,0.007371,0.585834,0.008682,5
140,raw,Transformer,0.842060,0.006719,0.692680,0.019235,0.742031,0.020201,5
140,zscore,DecisionTree,0.724180,0.006890,0.631920,0.002764,0.591333,0.004328,5
140,zscore,MLP,0.871140,0.007392,0.738800,0.005422,0.697084,0.004392,5
140,zscore,RandomForest,0.818160,0.005402,0.702140,0.007533,0.588229,0.007367,5
140,zscore,Transformer,0.842900,0.005262,0.694420,0.012123,0.753357,0.014639,5
150,log1p,DecisionTree,0.736200,0.005352,0.645660,0.009080,0.588068,0.003868,5
150,log1p,MLP,0.885440,0.005288,0.752840,0.006971,0.702587,0.006600,5
150,log1p,RandomForest,0.824680,0.004340,0.710700,0.005983,0.595601,0.006837,5
150,log1p,Transformer,0.851000,0.005948,0.717480,0.003135,0.729097,0.021995,5
150,raw,DecisionTree,0.739140,0.005820,0.644720,0.009947,0.588244,0.008333,5
150,raw,MLP,0.885680,0.006262,0.758020,0.005416,0.698976,0.002019,5
150,raw,RandomForest,0.821360,0.006574,0.710340,0.007975,0.588395,0.006130,5
150,raw,Transformer,0.854740,0.005555,0.704680,0.011831,0.748013,0.013309,5
150,zscore,DecisionTree,0.734300,0.004499,0.646220,0.009384,0.596918,0.009548,5
150,zscore,MLP,0.880380,0.004324,0.750640,0.003730,0.703762,0.006783,5
150,zscore,RandomForest,0.822920,0.003827,0.709460,0.008588,0.589178,0.008378,5
150,zscore,Transformer,0.849520,0.004756,0.703560,0.008190,0.728889,0.015304,5
200,log1p,DecisionTree,0.748240,0.008141,0.658040,0.009042,0.578705,0.014337,5
200,log1p,MLP,0.905240,0.002558,0.785900,0.003459,0.712966,0.007981,5
200,log1p,RandomForest,0.841860,0.003704,0.734640,0.003162,0.605869,0.008339,5
200,log1p,Transformer,0.876420,0.004348,0.746420,0.007485,0.737343,0.003518,5
200,raw,DecisionTree,0.744620,0.005607,0.655460,0.009265,0.580460,0.005927,5
200,raw,MLP,0.907940,0.003079,0.786980,0.003403,0.714085,0.008469,5
200,raw,RandomForest,0.838160,0.005691,0.735120,0.003852,0.597474,0.007930,5
200,raw,Transformer,0.875140,0.003048,0.744840,0.005968,0.744446,0.032942,5
200,zscore,DecisionTree,0.742260,0.004199,0.654100,0.007445,0.581443,0.010343,5
200,zscore,MLP,0.896420,0.002366,0.774780,0.007904,0.713415,0.006136,5
200,zscore,RandomForest,0.837440,0.002982,0.733640,0.006380,0.601219,0.007973,5
200,zscore,Transformer,0.873500,0.003686,0.734420,0.007942,0.756429,0.018485,5
300,log1p,DecisionTree,0.757660,0.005796,0.667820,0.001628,0.560387,0.012584,5
300,log1p,MLP,0.933300,0.004720,0.817160,0.008508,0.740373,0.008190,5
300,log1p,RandomForest,0.861180,0.004114,0.753040,0.003902,0.616007,0.008536,5
300,log1p,Transformer,0.910760,0.005024,0.798140,0.007400,0.733235,0.008667,5
300,raw,DecisionTree,0.759140,0.008136,0.666480,0.004105,0.566219,0.011467,5
300,raw,MLP,0.933000,0.002967,0.820440,0.010005,0.734427,0.010532,5
300,raw,RandomForest,0.858980,0.004892,0.753920,0.005657,0.606828,0.009901,5
300,raw,Transformer,0.912180,0.006915,0.798340,0.007205,0.766773,0.019812,5
300,zscore,DecisionTree,0.761900,0.005548,0.668300,0.007134,0.565749,0.013368,5
300,zscore,MLP,0.917480,0.002554,0.802280,0.012118,0.728774,0.006761,5
300,zscore,RandomForest,0.858800,0.003864,0.754480,0.004400,0.609671,0.007623,5
300,zscore,Transformer,0.905380,0.003478,0.782780,0.007777,0.749531,0.005712,5
400,log1p,DecisionTree,0.768700,0.007908,0.686140,0.005687,0.541066,0.014822,5
400,log1p,MLP,0.940800,0.003706,0.836500,0.003496,0.748372,0.007462,5
400,log1p,RandomForest,0.870480,0.003745,0.774840,0.004064,0.621032,0.008291,5
400,log1p,Transformer,0.925260,0.003398,0.824780,0.006342,0.716858,0.010966,5
400,raw,DecisionTree,0.772120,0.006086,0.690020,0.007370,0.559630,0.011678,5
400,raw,MLP,0.940080,0.003073,0.839340,0.001762,0.736891,0.013295,5
400,raw,RandomForest,0.868720,0.003283,0.770560,0.005959,0.613720,0.007887,5
400,raw,Transformer,0.928360,0.002897,0.825380,0.004361,0.738072,0.008625,5
400,zscore,DecisionTree,0.774100,0.006198,0.689960,0.002408,0.551017,0.005377,5
400,zscore,MLP,0.932640,0.002016,0.825140,0.004748,0.731248,0.005546,5
400,zscore,RandomForest,0.868220,0.005395,0.771860,0.005554,0.615867,0.007472,5
400,zscore,Transformer,0.921660,0.005195,0.810300,0.004520,0.751886,0.015849,5
500,log1p,DecisionTree,0.783780,0.008202,0.699720,0.002385,0.526716,0.005132,5
500,log1p,MLP,0.946680,0.000550,0.847300,0.006389,0.756967,0.008694,5
500,log1p,RandomForest,0.872460,0.004188,0.780240,0.005477,0.624488,0.008439,5
500,log1p,Transformer,0.936640,0.003522,0.844160,0.004907,0.716477,0.005436,5
500,raw,DecisionTree,0.785940,0.006472,0.699560,0.008351,0.542017,0.011995,5
500,raw,MLP,0.950260,0.004353,0.852920,0.007378,0.742350,0.007833,5
500,raw,RandomForest,0.872600,0.003054,0.779080,0.003751,0.612384,0.007269,5
500,raw,Transformer,0.938360,0.002360,0.841120,0.008771,0.723861,0.008670,5
500,zscore,DecisionTree,0.779640,0.011218,0.693400,0.013997,0.547767,0.012303,5
500,zscore,MLP,0.934660,0.006898,0.825340,0.011234,0.739497,0.006063,5
500,zscore,RandomForest,0.872480,0.003813,0.778240,0.005329,0.617986,0.007159,5
500,zscore,Transformer,0.930280,0.009469,0.824140,0.007548,0.752189,0.035175,5
600,log1p,DecisionTree,0.795620,0.004304,0.711260,0.004467,0.522681,0.008506,5
600,log1p,MLP,0.954880,0.004262,0.862940,0.003037,0.747533,0.005054,5
600,log1p,RandomForest,0.879900,0.003417,0.788120,0.002224,0.624475,0.005310,5
600,log1p,Transformer,0.942380,0.004985,0.856960,0.012446,0.702840,0.007735,5
600,raw,DecisionTree,0.790960,0.005562,0.711820,0.003815,0.535632,0.003321,5
600,raw,MLP,0.948240,0.004581,0.854920,0.012391,0.758953,0.010087,5
600,raw,RandomForest,0.879320,0.005131,0.787460,0.002436,0.615721,0.006349,5
600,raw,Transformer,0.947260,0.001834,0.858840,0.004337,0.722204,0.015477,5
600,zscore,DecisionTree,0.783980,0.006103,0.707060,0.006833,0.533626,0.008377,5
600,zscore,MLP,0.940660,0.006464,0.837460,0.004406,0.746699,0.003380,5
600,zscore,RandomForest,0.880280,0.002744,0.788700,0.004324,0.618748,0.005469,5
600,zscore,Transformer,0.937040,0.009196,0.841040,0.011939,0.731457,0.020042,5
