seed,P,norm,model,id_acc,ood_acc,ood_auroc
42,10,raw,DecisionTree,0.578700,0.533700,0.494750
42,10,raw,RandomForest,0.579600,0.533700,0.584742
42,10,raw,MLP,0.577700,0.544800,0.507081
42,10,raw,Transformer,0.582400,0.528500,0.478914
42,10,log1p,DecisionTree,0.578100,0.533700,0.494705
42,10,log1p,RandomForest,0.579100,0.533700,0.492916
42,10,log1p,MLP,0.576900,0.528500,0.533729
42,10,log1p,Transformer,0.573600,0.532000,0.551610
42,10,zscore,DecisionTree,0.578400,0.533700,0.494567
42,10,zscore,RandomForest,0.579000,0.533700,0.493511
42,10,zscore,MLP,0.579800,0.538300,0.507142
42,10,zscore,Transformer,0.576300,0.514300,0.568157
42,20,raw,DecisionTree,0.626600,0.573600,0.555642
42,20,raw,RandomForest,0.638700,0.578300,0.541250
42,20,raw,MLP,0.639000,0.581400,0.555922
42,20,raw,Transformer,0.623300,0.590900,0.506553
42,20,log1p,DecisionTree,0.626200,0.573200,0.556917
42,20,log1p,RandomForest,0.638200,0.578300,0.548788
42,20,log1p,MLP,0.639400,0.581000,0.560948
42,20,log1p,Transformer,0.623000,0.587000,0.504138
42,20,zscore,DecisionTree,0.626700,0.573600,0.555095
42,20,zscore,RandomForest,0.639000,0.578300,0.548815
42,20,zscore,MLP,0.637800,0.581400,0.553140
42,20,zscore,Transformer,0.618100,0.575400,0.463679
42,30,raw,DecisionTree,0.666500,0.589600,0.595199
42,30,raw,RandomForest,0.671200,0.602400,0.524934
42,30,raw,MLP,0.688200,0.580500,0.603384
42,30,raw,Transformer,0.656500,0.548300,0.552983
42,30,log1p,DecisionTree,0.666800,0.588200,0.593905
42,30,log1p,RandomForest,0.673700,0.603100,0.527023
42,30,log1p,MLP,0.685600,0.585500,0.639113
42,30,log1p,Transformer,0.655700,0.553400,0.548735
42,30,zscore,DecisionTree,0.665200,0.588000,0.593238
42,30,zscore,RandomForest,0.671600,0.604200,0.526491
42,30,zscore,MLP,0.683800,0.593200,0.643455
42,30,zscore,Transformer,0.666000,0.581000,0.571675
42,40,raw,DecisionTree,0.671500,0.590500,0.580398
42,40,raw,RandomForest,0.697600,0.622900,0.538998
42,40,raw,MLP,0.720500,0.614700,0.627434
42,40,raw,Transformer,0.693800,0.583500,0.616488
42,40,log1p,DecisionTree,0.671200,0.596300,0.601254
42,40,log1p,RandomForest,0.697000,0.623400,0.544189
42,40,log1p,MLP,0.717800,0.614400,0.637062
42,40,log1p,Transformer,0.693500,0.581500,0.603764
42,40,zscore,DecisionTree,0.667000,0.597000,0.585577
42,40,zscore,RandomForest,0.696000,0.624800,0.540766
42,40,zscore,MLP,0.715000,0.615500,0.641224
42,40,zscore,Transformer,0.697000,0.592800,0.597383
42,50,raw,DecisionTree,0.684500,0.593200,0.593473
42,50,raw,RandomForest,0.736500,0.642100,0.569865
42,50,raw,MLP,0.763200,0.628600,0.650455
42,50,raw,Transformer,0.720400,0.601400,0.654140
42,50,log1p,DecisionTree,0.673700,0.592800,0.605916
42,50,log1p,RandomForest,0.738400,0.639500,0.572043
42,50,log1p,MLP,0.762000,0.630700,0.668871
42,50,log1p,Transformer,0.714900,0.589900,0.679084
42,50,zscore,DecisionTree,0.683700,0.598500,0.593075
42,50,zscore,RandomForest,0.736700,0.637700,0.570626
42,50,zscore,MLP,0.759100,0.629900,0.668428
42,50,zscore,Transformer,0.720200,0.601600,0.659381
42,60,raw,DecisionTree,0.692200,0.601800,0.605197
42,60,raw,RandomForest,0.752800,0.644500,0.562553
42,60,raw,MLP,0.778300,0.648900,0.649304
42,60,raw,Transformer,0.741100,0.614700,0.689969
42,60,log1p,DecisionTree,0.687500,0.600400,0.605101
42,60,log1p,RandomForest,0.755300,0.642400,0.566671
42,60,log1p,MLP,0.778900,0.655900,0.658450
42,60,log1p,Transformer,0.738500,0.611400,0.698088
42,60,zscore,DecisionTree,0.691200,0.606800,0.610109
42,60,zscore,RandomForest,0.751100,0.640100,0.566049
42,60,zscore,MLP,0.771800,0.649600,0.671867
42,60,zscore,Transformer,0.745200,0.614100,0.674520
42,70,raw,DecisionTree,0.688200,0.614500,0.612556
42,70,raw,RandomForest,0.766000,0.663400,0.568000
42,70,raw,MLP,0.796300,0.672500,0.663950
42,70,raw,Transformer,0.760400,0.624400,0.700505
42,70,log1p,DecisionTree,0.692600,0.609400,0.610326
42,70,log1p,RandomForest,0.766900,0.663900,0.568452
42,70,log1p,MLP,0.794400,0.670400,0.664846
42,70,log1p,Transformer,0.760800,0.627600,0.716607
42,70,zscore,DecisionTree,0.693800,0.618800,0.603904
42,70,zscore,RandomForest,0.761500,0.663700,0.569347
42,70,zscore,MLP,0.798600,0.673500,0.671356
42,70,zscore,Transformer,0.760400,0.637500,0.679804
42,80,raw,DecisionTree,0.698700,0.622400,0.597137
42,80,raw,RandomForest,0.771300,0.667800,0.578452
42,80,raw,MLP,0.811700,0.685400,0.663987
42,80,raw,Transformer,0.775400,0.634500,0.690283
42,80,log1p,DecisionTree,0.698200,0.630200,0.599365
42,80,log1p,RandomForest,0.774600,0.670900,0.581843
42,80,log1p,MLP,0.806200,0.682600,0.666259
42,80,log1p,Transformer,0.765600,0.638100,0.690760
42,80,zscore,DecisionTree,0.706700,0.623900,0.602477
42,80,zscore,RandomForest,0.771800,0.671400,0.575950
42,80,zscore,MLP,0.806200,0.686000,0.674459
42,80,zscore,Transformer,0.781900,0.641300,0.728113
42,90,raw,DecisionTree,0.704500,0.614700,0.590368
42,90,raw,RandomForest,0.786300,0.672100,0.580665
42,90,raw,MLP,0.828600,0.696200,0.670676
42,90,raw,Transformer,0.787600,0.645900,0.719352
42,90,log1p,DecisionTree,0.713400,0.621900,0.592739
42,90,log1p,RandomForest,0.788100,0.674000,0.589135
42,90,log1p,MLP,0.829200,0.694500,0.667833
42,90,log1p,Transformer,0.785800,0.648200,0.735177
42,90,zscore,DecisionTree,0.710000,0.621300,0.583340
42,90,zscore,RandomForest,0.787800,0.671700,0.583652
42,90,zscore,MLP,0.834300,0.698800,0.682134
42,90,zscore,Transformer,0.785600,0.644700,0.737641
42,100,raw,DecisionTree,0.715500,0.620500,0.585257
42,100,raw,RandomForest,0.796300,0.676600,0.579816
42,100,raw,MLP,0.839200,0.713100,0.674269
42,100,raw,Transformer,0.813100,0.663400,0.732009
42,100,log1p,DecisionTree,0.707000,0.618200,0.593079
42,100,log1p,RandomForest,0.797600,0.674700,0.585130
42,100,log1p,MLP,0.835800,0.702600,0.673574
42,100,log1p,Transformer,0.802000,0.658000,0.692942
42,100,zscore,DecisionTree,0.712600,0.619200,0.587654
42,100,zscore,RandomForest,0.797500,0.676200,0.583065
42,100,zscore,MLP,0.835000,0.708500,0.684341
42,100,zscore,Transformer,0.808400,0.662000,0.749898
42,110,raw,DecisionTree,0.722500,0.610400,0.587534
42,110,raw,RandomForest,0.803000,0.677300,0.576184
42,110,raw,MLP,0.851400,0.722400,0.671475
42,110,raw,Transformer,0.816000,0.670000,0.742584
42,110,log1p,DecisionTree,0.712300,0.615900,0.586665
42,110,log1p,RandomForest,0.804600,0.677800,0.587071
42,110,log1p,MLP,0.852600,0.724800,0.685018
42,110,log1p,Transformer,0.817400,0.671300,0.723513
42,110,zscore,DecisionTree,0.710000,0.625000,0.588876
42,110,zscore,RandomForest,0.802100,0.681300,0.582432
42,110,zscore,MLP,0.844300,0.708700,0.686853
42,110,zscore,Transformer,0.815400,0.665800,0.747261
42,120,raw,DecisionTree,0.716400,0.618600,0.584237
42,120,raw,RandomForest,0.803900,0.675700,0.580047
42,120,raw,MLP,0.856800,0.727400,0.690442
42,120,raw,Transformer,0.823400,0.669000,0.731745
42,120,log1p,DecisionTree,0.711000,0.618800,0.597671
42,120,log1p,RandomForest,0.808500,0.677700,0.589097
42,120,log1p,MLP,0.855800,0.727300,0.691233
42,120,log1p,Transformer,0.827600,0.684500,0.714459
42,120,zscore,DecisionTree,0.722400,0.622000,0.590400
42,120,zscore,RandomForest,0.807500,0.678200,0.581900
42,120,zscore,MLP,0.847900,0.726000,0.687218
42,120,zscore,Transformer,0.826700,0.676500,0.732080
42,130,raw,DecisionTree,0.737100,0.636200,0.596874
42,130,raw,RandomForest,0.818600,0.686400,0.582563
42,130,raw,MLP,0.870400,0.736300,0.694653
42,130,raw,Transformer,0.844100,0.691100,0.738734
42,130,log1p,DecisionTree,0.728500,0.623600,0.582691
42,130,log1p,RandomForest,0.819100,0.688900,0.590710
42,130,log1p,MLP,0.870500,0.737000,0.689123
42,130,log1p,Transformer,0.843400,0.701400,0.731967
42,130,zscore,DecisionTree,0.731200,0.630900,0.599026
42,130,zscore,RandomForest,0.819600,0.686600,0.584763
42,130,zscore,MLP,0.874100,0.739800,0.703761
42,130,zscore,Transformer,0.843300,0.704800,0.723308
42,140,raw,DecisionTree,0.741200,0.637200,0.581780
42,140,raw,RandomForest,0.819800,0.693700,0.585940
42,140,raw,MLP,0.876800,0.743000,0.697514
42,140,raw,Transformer,0.850500,0.709200,0.733817
42,140,log1p,DecisionTree,0.733700,0.623500,0.598131
42,140,log1p,RandomForest,0.821500,0.691100,0.598939
42,140,log1p,MLP,0.881100,0.748400,0.698902
42,140,log1p,Transformer,0.840300,0.700900,0.755663
42,140,zscore,DecisionTree,0.735000,0.632600,0.593151
42,140,zscore,RandomForest,0.818900,0.692200,0.591208
42,140,zscore,MLP,0.860800,0.732600,0.700758
42,140,zscore,Transformer,0.846600,0.702700,0.740852
42,150,raw,DecisionTree,0.747800,0.639800,0.586021
42,150,raw,RandomForest,0.825700,0.701400,0.591704
42,150,raw,MLP,0.892600,0.758300,0.699336
42,150,raw,Transformer,0.856700,0.700400,0.725727
42,150,log1p,DecisionTree,0.740000,0.637200,0.584435
42,150,log1p,RandomForest,0.828400,0.704500,0.599441
42,150,log1p,MLP,0.893000,0.754200,0.706599
42,150,log1p,Transformer,0.852600,0.716600,0.742613
42,150,zscore,DecisionTree,0.740400,0.639400,0.587463
42,150,zscore,RandomForest,0.824100,0.700000,0.593390
42,150,zscore,MLP,0.883300,0.754000,0.707713
42,150,zscore,Transformer,0.854500,0.709800,0.717861
42,200,raw,DecisionTree,0.745900,0.648700,0.579101
42,200,raw,RandomForest,0.846000,0.731200,0.599890
42,200,raw,MLP,0.904200,0.784200,0.713444
42,200,raw,Transformer,0.870500,0.742900,0.699200
42,200,log1p,DecisionTree,0.751900,0.651400,0.572855
42,200,log1p,RandomForest,0.847200,0.734100,0.612133
42,200,log1p,MLP,0.908300,0.786300,0.721522
42,200,log1p,Transformer,0.877300,0.744700,0.741250
42,200,zscore,DecisionTree,0.743200,0.654300,0.564636
42,200,zscore,RandomForest,0.839100,0.727700,0.602833
42,200,zscore,MLP,0.899100,0.787900,0.703474
42,200,zscore,Transformer,0.874300,0.744200,0.746507
42,300,raw,DecisionTree,0.759000,0.661900,0.555534
42,300,raw,RandomForest,0.860600,0.753500,0.612022
42,300,raw,MLP,0.933600,0.831100,0.738792
42,300,raw,Transformer,0.915300,0.795200,0.757874
42,300,log1p,DecisionTree,0.767800,0.669200,0.548188
42,300,log1p,RandomForest,0.862400,0.754800,0.621339
42,300,log1p,MLP,0.926800,0.805700,0.739696
42,300,log1p,Transformer,0.911400,0.793100,0.736327
42,300,zscore,DecisionTree,0.764900,0.671400,0.555922
42,300,zscore,RandomForest,0.859700,0.753300,0.612715
42,300,zscore,MLP,0.915500,0.808700,0.725102
42,300,zscore,Transformer,0.909600,0.790700,0.756632
42,400,raw,DecisionTree,0.776300,0.682400,0.564360
42,400,raw,RandomForest,0.872000,0.772100,0.619067
42,400,raw,MLP,0.936500,0.837900,0.727538
42,400,raw,Transformer,0.933200,0.819300,0.745654
42,400,log1p,DecisionTree,0.776000,0.687000,0.538516
42,400,log1p,RandomForest,0.871500,0.771800,0.628055
42,400,log1p,MLP,0.937200,0.831100,0.742836
42,400,log1p,Transformer,0.926800,0.821500,0.723695
42,400,zscore,DecisionTree,0.767200,0.687100,0.548415
42,400,zscore,RandomForest,0.873200,0.768200,0.621365
42,400,zscore,MLP,0.930800,0.824800,0.727927
42,400,zscore,Transformer,0.923400,0.812400,0.754688
42,500,raw,DecisionTree,0.790900,0.708000,0.530295
42,500,raw,RandomForest,0.872000,0.780300,0.619219
42,500,raw,MLP,0.944600,0.843500,0.736437
42,500,raw,Transformer,0.937100,0.831100,0.723313
42,500,log1p,DecisionTree,0.778000,0.697600,0.523131
42,500,log1p,RandomForest,0.874100,0.775100,0.632031
42,500,log1p,MLP,0.947300,0.848700,0.743386
42,500,log1p,Transformer,0.939700,0.838500,0.715767
42,500,zscore,DecisionTree,0.785700,0.704700,0.535911
42,500,zscore,RandomForest,0.874000,0.774600,0.625078
42,500,zscore,MLP,0.933200,0.821200,0.735175
42,500,zscore,Transformer,0.930700,0.826600,0.774647
42,600,raw,DecisionTree,0.793300,0.707000,0.533543
42,600,raw,RandomForest,0.881200,0.790200,0.624491
42,600,raw,MLP,0.943700,0.846800,0.762018
42,600,raw,Transformer,0.947900,0.857500,0.726920
42,600,log1p,DecisionTree,0.795500,0.705500,0.510740
42,600,log1p,RandomForest,0.877500,0.784700,0.631853
42,600,log1p,MLP,0.954400,0.863400,0.745530
42,600,log1p,Transformer,0.941100,0.841300,0.697060
42,600,zscore,DecisionTree,0.778000,0.700000,0.530038
42,600,zscore,RandomForest,0.878000,0.784000,0.626587
42,600,zscore,MLP,0.938000,0.841000,0.750895
42,600,zscore,Transformer,0.941400,0.845500,0.741786
43,10,raw,DecisionTree,0.580500,0.530000,0.521305
43,10,raw,RandomForest,0.581700,0.530000,0.522916
43,10,raw,MLP,0.574900,0.533300,0.552043
43,10,raw,Transformer,0.577300,0.527900,0.492772
43,10,log1p,DecisionTree,0.580800,0.530000,0.521174
43,10,log1p,RandomForest,0.581400,0.530000,0.522142
43,10,log1p,MLP,0.573900,0.536500,0.586078
43,10,log1p,Transformer,0.584400,0.534300,0.527858
43,10,zscore,DecisionTree,0.580400,0.530000,0.521310
43,10,zscore,RandomForest,0.581300,0.530000,0.519740
43,10,zscore,MLP,0.576300,0.529000,0.587996
43,10,zscore,Transformer,0.578700,0.541700,0.493539
43,20,raw,DecisionTree,0.622900,0.560500,0.575851
43,20,raw,RandomForest,0.637900,0.566300,0.559004
43,20,raw,MLP,0.639200,0.563500,0.578256
43,20,raw,Transformer,0.642300,0.565600,0.511256
43,20,log1p,DecisionTree,0.621200,0.560600,0.576792
43,20,log1p,RandomForest,0.639600,0.566300,0.567164
43,20,log1p,MLP,0.643100,0.563900,0.574176
43,20,log1p,Transformer,0.626600,0.573900,0.490352
43,20,zscore,DecisionTree,0.624600,0.565000,0.562145
43,20,zscore,RandomForest,0.639200,0.566300,0.551290
43,20,zscore,MLP,0.637900,0.565000,0.575791
43,20,zscore,Transformer,0.634900,0.558800,0.544738
43,30,raw,DecisionTree,0.641800,0.577900,0.611544
43,30,raw,RandomForest,0.671800,0.589300,0.561842
43,30,raw,MLP,0.690100,0.583800,0.659829
43,30,raw,Transformer,0.679200,0.567000,0.620060
43,30,log1p,DecisionTree,0.647000,0.575000,0.617835
43,30,log1p,RandomForest,0.672500,0.591000,0.562150
43,30,log1p,MLP,0.688500,0.582100,0.620923
43,30,log1p,Transformer,0.675000,0.560400,0.590292
43,30,zscore,DecisionTree,0.642400,0.580300,0.620903
43,30,zscore,RandomForest,0.672800,0.591600,0.561600
43,30,zscore,MLP,0.685000,0.580800,0.656997
43,30,zscore,Transformer,0.686300,0.570400,0.593678
43,40,raw,DecisionTree,0.659100,0.591700,0.593794
43,40,raw,RandomForest,0.698200,0.623300,0.557689
43,40,raw,MLP,0.724500,0.610100,0.666073
43,40,raw,Transformer,0.694800,0.585800,0.646586
43,40,log1p,DecisionTree,0.662400,0.590400,0.611071
43,40,log1p,RandomForest,0.703500,0.623800,0.557842
43,40,log1p,MLP,0.731300,0.609700,0.653231
43,40,log1p,Transformer,0.690900,0.576800,0.632168
43,40,zscore,DecisionTree,0.665400,0.591600,0.614195
43,40,zscore,RandomForest,0.699400,0.623000,0.557672
43,40,zscore,MLP,0.717200,0.613900,0.669699
43,40,zscore,Transformer,0.698800,0.593600,0.621652
43,50,raw,DecisionTree,0.672400,0.606600,0.587025
43,50,raw,RandomForest,0.727300,0.634100,0.556118
43,50,raw,MLP,0.756100,0.634500,0.649607
43,50,raw,Transformer,0.724300,0.599600,0.647473
43,50,log1p,DecisionTree,0.671500,0.600700,0.588496
43,50,log1p,RandomForest,0.727600,0.640100,0.558309
43,50,log1p,MLP,0.757800,0.629600,0.644354
43,50,log1p,Transformer,0.720400,0.591700,0.672073
43,50,zscore,DecisionTree,0.680800,0.605600,0.595015
43,50,zscore,RandomForest,0.727000,0.636600,0.560817
43,50,zscore,MLP,0.749700,0.632700,0.660397
43,50,zscore,Transformer,0.714900,0.592400,0.650692
43,60,raw,DecisionTree,0.680800,0.605600,0.598518
43,60,raw,RandomForest,0.743200,0.648400,0.560599
43,60,raw,MLP,0.775300,0.650200,0.658784
43,60,raw,Transformer,0.732300,0.617200,0.681729
43,60,log1p,DecisionTree,0.684500,0.604900,0.593148
43,60,log1p,RandomForest,0.746200,0.645300,0.558705
43,60,log1p,MLP,0.777600,0.644100,0.664211
43,60,log1p,Transformer,0.740300,0.624300,0.687152
43,60,zscore,DecisionTree,0.691900,0.607700,0.597873
43,60,zscore,RandomForest,0.743300,0.648500,0.561649
43,60,zscore,MLP,0.774900,0.651500,0.669383
43,60,zscore,Transformer,0.746400,0.634000,0.686024
43,70,raw,DecisionTree,0.681700,0.614000,0.602962
43,70,raw,RandomForest,0.759300,0.654400,0.549939
43,70,raw,MLP,0.801100,0.667200,0.658291
43,70,raw,Transformer,0.745100,0.610700,0.684722
43,70,log1p,DecisionTree,0.696300,0.616100,0.607326
43,70,log1p,RandomForest,0.761900,0.658700,0.554509
43,70,log1p,MLP,0.803000,0.667000,0.664218
43,70,log1p,Transformer,0.747100,0.625900,0.702657
43,70,zscore,DecisionTree,0.695100,0.614500,0.607814
43,70,zscore,RandomForest,0.761000,0.657300,0.552623
43,70,zscore,MLP,0.801100,0.663800,0.664964
43,70,zscore,Transformer,0.757500,0.640200,0.693944
43,80,raw,DecisionTree,0.693000,0.614700,0.589809
43,80,raw,RandomForest,0.767500,0.661500,0.562925
43,80,raw,MLP,0.813900,0.685500,0.661963
43,80,raw,Transformer,0.767000,0.637700,0.692982
43,80,log1p,DecisionTree,0.694900,0.618400,0.598990
43,80,log1p,RandomForest,0.772100,0.665300,0.568115
43,80,log1p,MLP,0.816500,0.684200,0.670920
43,80,log1p,Transformer,0.767400,0.637700,0.696138
43,80,zscore,DecisionTree,0.692600,0.622800,0.597557
43,80,zscore,RandomForest,0.774700,0.669600,0.563210
43,80,zscore,MLP,0.805900,0.680900,0.672107
43,80,zscore,Transformer,0.777300,0.643600,0.665601
43,90,raw,DecisionTree,0.699100,0.615900,0.593434
43,90,raw,RandomForest,0.787400,0.667900,0.564574
43,90,raw,MLP,0.830600,0.695300,0.664548
43,90,raw,Transformer,0.777700,0.646900,0.695254
43,90,log1p,DecisionTree,0.705600,0.623800,0.604765
43,90,log1p,RandomForest,0.789000,0.672800,0.570842
43,90,log1p,MLP,0.829900,0.697100,0.666482
43,90,log1p,Transformer,0.783000,0.647300,0.712504
43,90,zscore,DecisionTree,0.698500,0.610400,0.602983
43,90,zscore,RandomForest,0.787500,0.676100,0.565973
43,90,zscore,MLP,0.830600,0.699700,0.677029
43,90,zscore,Transformer,0.778500,0.642400,0.694817
43,100,raw,DecisionTree,0.693900,0.620300,0.594178
43,100,raw,RandomForest,0.795700,0.672500,0.573690
43,100,raw,MLP,0.849100,0.700800,0.686915
43,100,raw,Transformer,0.800200,0.654200,0.738923
43,100,log1p,DecisionTree,0.704400,0.616600,0.593242
43,100,log1p,RandomForest,0.801300,0.673900,0.581540
43,100,log1p,MLP,0.846700,0.701800,0.681137
43,100,log1p,Transformer,0.788200,0.637500,0.693393
43,100,zscore,DecisionTree,0.702000,0.620900,0.595578
43,100,zscore,RandomForest,0.791300,0.672100,0.575518
43,100,zscore,MLP,0.841700,0.703700,0.682065
43,100,zscore,Transformer,0.785600,0.623600,0.681018
43,110,raw,DecisionTree,0.699900,0.616800,0.576828
43,110,raw,RandomForest,0.795300,0.679400,0.567824
43,110,raw,MLP,0.848600,0.723600,0.684312
43,110,raw,Transformer,0.804700,0.674600,0.741134
43,110,log1p,DecisionTree,0.719700,0.624300,0.599155
43,110,log1p,RandomForest,0.795600,0.675900,0.574033
43,110,log1p,MLP,0.852600,0.726500,0.683934
43,110,log1p,Transformer,0.798600,0.646000,0.685231
43,110,zscore,DecisionTree,0.698800,0.619700,0.593885
43,110,zscore,RandomForest,0.792900,0.675800,0.569194
43,110,zscore,MLP,0.848500,0.718500,0.691600
43,110,zscore,Transformer,0.790800,0.662700,0.678197
43,120,raw,DecisionTree,0.708200,0.626700,0.586486
43,120,raw,RandomForest,0.800200,0.683600,0.566276
43,120,raw,MLP,0.863800,0.736200,0.678304
43,120,raw,Transformer,0.816400,0.684500,0.724268
43,120,log1p,DecisionTree,0.723600,0.628500,0.603580
43,120,log1p,RandomForest,0.800500,0.689500,0.574420
43,120,log1p,MLP,0.850000,0.733700,0.684949
43,120,log1p,Transformer,0.813400,0.685900,0.700786
43,120,zscore,DecisionTree,0.694300,0.625800,0.587381
43,120,zscore,RandomForest,0.798700,0.686600,0.571029
43,120,zscore,MLP,0.856100,0.728300,0.693214
43,120,zscore,Transformer,0.813800,0.675300,0.738675
43,130,raw,DecisionTree,0.721700,0.638600,0.606144
43,130,raw,RandomForest,0.810800,0.698100,0.573096
43,130,raw,MLP,0.872200,0.746800,0.685391
43,130,raw,Transformer,0.823200,0.674400,0.751959
43,130,log1p,DecisionTree,0.714400,0.629700,0.588637
43,130,log1p,RandomForest,0.815000,0.697900,0.578720
43,130,log1p,MLP,0.868400,0.747500,0.692259
43,130,log1p,Transformer,0.830200,0.691100,0.742943
43,130,zscore,DecisionTree,0.723400,0.627500,0.607618
43,130,zscore,RandomForest,0.808900,0.699900,0.574362
43,130,zscore,MLP,0.875000,0.739500,0.697576
43,130,zscore,Transformer,0.811900,0.665600,0.728396
43,140,raw,DecisionTree,0.724100,0.628900,0.587258
43,140,raw,RandomForest,0.814300,0.697600,0.575867
43,140,raw,MLP,0.879500,0.745300,0.694422
43,140,raw,Transformer,0.832700,0.699500,0.749739
43,140,log1p,DecisionTree,0.725100,0.625300,0.595735
43,140,log1p,RandomForest,0.818300,0.702600,0.584945
43,140,log1p,MLP,0.872300,0.738200,0.694561
43,140,log1p,Transformer,0.834400,0.702600,0.717022
43,140,zscore,DecisionTree,0.717400,0.634500,0.588233
43,140,zscore,RandomForest,0.813900,0.702900,0.580533
43,140,zscore,MLP,0.874600,0.745100,0.697206
43,140,zscore,Transformer,0.836400,0.702600,0.755011
43,150,raw,DecisionTree,0.733500,0.633800,0.599378
43,150,raw,RandomForest,0.818700,0.704500,0.579648
43,150,raw,MLP,0.879600,0.754600,0.699389
43,150,raw,Transformer,0.847600,0.700600,0.751304
43,150,log1p,DecisionTree,0.728500,0.639800,0.589087
43,150,log1p,RandomForest,0.824100,0.706100,0.588812
43,150,log1p,MLP,0.882900,0.759100,0.698426
43,150,log1p,Transformer,0.848800,0.718700,0.730359
43,150,zscore,DecisionTree,0.736200,0.646400,0.596614
43,150,zscore,RandomForest,0.821800,0.705000,0.578369
43,150,zscore,MLP,0.878100,0.753500,0.700921
43,150,zscore,Transformer,0.842800,0.694200,0.728498
43,200,raw,DecisionTree,0.751000,0.668000,0.586488
43,200,raw,RandomForest,0.838400,0.735200,0.589512
43,200,raw,MLP,0.905100,0.783000,0.719839
43,200,raw,Transformer,0.874700,0.740900,0.774559
43,200,log1p,DecisionTree,0.760900,0.670000,0.583141
43,200,log1p,RandomForest,0.843600,0.734000,0.597952
43,200,log1p,MLP,0.903400,0.782200,0.703186
43,200,log1p,Transformer,0.872300,0.734600,0.732250
43,200,zscore,DecisionTree,0.745900,0.658200,0.585969
43,200,zscore,RandomForest,0.840100,0.734700,0.595607
43,200,zscore,MLP,0.897500,0.775100,0.712136
43,200,zscore,Transformer,0.872200,0.725300,0.780076
43,300,raw,DecisionTree,0.767500,0.666300,0.581495
43,300,raw,RandomForest,0.858000,0.746600,0.590305
43,300,raw,MLP,0.932200,0.826400,0.731977
43,300,raw,Transformer,0.909800,0.799500,0.772687
43,300,log1p,DecisionTree,0.754300,0.667300,0.563545
43,300,log1p,RandomForest,0.861300,0.746700,0.602525
43,300,log1p,MLP,0.936400,0.828800,0.739139
43,300,log1p,Transformer,0.910600,0.796400,0.725018
43,300,zscore,DecisionTree,0.768000,0.676000,0.578914
43,300,zscore,RandomForest,0.860700,0.748900,0.597526
43,300,zscore,MLP,0.916500,0.816600,0.737601
43,300,zscore,Transformer,0.906300,0.788400,0.748690
43,400,raw,DecisionTree,0.768300,0.697000,0.575245
43,400,raw,RandomForest,0.870300,0.763700,0.601570
43,400,raw,MLP,0.943600,0.841300,0.748343
43,400,raw,Transformer,0.927800,0.824900,0.735704
43,400,log1p,DecisionTree,0.777100,0.690600,0.558917
43,400,log1p,RandomForest,0.869500,0.769300,0.608804
43,400,log1p,MLP,0.945700,0.840200,0.739026
43,400,log1p,Transformer,0.927200,0.819000,0.705314
43,400,zscore,DecisionTree,0.774900,0.692300,0.559040
43,400,zscore,RandomForest,0.872200,0.766400,0.604790
43,400,zscore,MLP,0.932100,0.821100,0.729131
43,400,zscore,Transformer,0.918500,0.811400,0.736220
43,500,raw,DecisionTree,0.782600,0.688300,0.557936
43,500,raw,RandomForest,0.876100,0.773100,0.604131
43,500,raw,MLP,0.952300,0.863200,0.743579
43,500,raw,Transformer,0.938100,0.846400,0.730973
43,500,log1p,DecisionTree,0.782500,0.699500,0.528538
43,500,log1p,RandomForest,0.877800,0.774800,0.614075
43,500,log1p,MLP,0.947100,0.855000,0.761314
43,500,log1p,Transformer,0.937900,0.845300,0.709396
43,500,zscore,DecisionTree,0.768600,0.692800,0.550401
43,500,zscore,RandomForest,0.873100,0.771100,0.609050
43,500,zscore,MLP,0.939200,0.841900,0.736602
43,500,zscore,Transformer,0.935300,0.820300,0.753417
43,600,raw,DecisionTree,0.787800,0.717100,0.533529
43,600,raw,RandomForest,0.882600,0.786100,0.608194
43,600,raw,MLP,0.954400,0.874100,0.748712
43,600,raw,Transformer,0.944900,0.853700,0.741613
43,600,log1p,DecisionTree,0.791300,0.716000,0.522020
43,600,log1p,RandomForest,0.879300,0.787400,0.618338
43,600,log1p,MLP,0.952100,0.862300,0.740333
43,600,log1p,Transformer,0.935800,0.845900,0.701353
43,600,zscore,DecisionTree,0.782600,0.708900,0.529737
43,600,zscore,RandomForest,0.881300,0.785700,0.611602
43,600,zscore,MLP,0.940700,0.836900,0.742799
43,600,zscore,Transformer,0.935000,0.837100,0.735647
44,10,raw,DecisionTree,0.583600,0.549100,0.505400
44,10,raw,RandomForest,0.585700,0.549400,0.503474
44,10,raw,MLP,0.582700,0.539600,0.580115
44,10,raw,Transformer,0.580100,0.551000,0.498488
44,10,log1p,DecisionTree,0.583200,0.549100,0.505245
44,10,log1p,RandomForest,0.584800,0.549400,0.597005
44,10,log1p,MLP,0.580700,0.549300,0.513290
44,10,log1p,Transformer,0.581600,0.551500,0.447804
44,10,zscore,DecisionTree,0.583600,0.549100,0.505400
44,10,zscore,RandomForest,0.585800,0.549400,0.410891
44,10,zscore,MLP,0.581900,0.539100,0.587366
44,10,zscore,Transformer,0.583500,0.548600,0.487567
44,20,raw,DecisionTree,0.622000,0.566300,0.566690
44,20,raw,RandomForest,0.629900,0.570100,0.556482
44,20,raw,MLP,0.630000,0.577700,0.567120
44,20,raw,Transformer,0.639600,0.575500,0.506272
44,20,log1p,DecisionTree,0.624200,0.572700,0.555989
44,20,log1p,RandomForest,0.629400,0.570100,0.556343
44,20,log1p,MLP,0.631500,0.576300,0.559394
44,20,log1p,Transformer,0.626500,0.560800,0.519682
44,20,zscore,DecisionTree,0.621300,0.564000,0.565330
44,20,zscore,RandomForest,0.628700,0.570100,0.556704
44,20,zscore,MLP,0.640500,0.582700,0.545994
44,20,zscore,Transformer,0.628300,0.566400,0.523193
44,30,raw,DecisionTree,0.651300,0.585900,0.580557
44,30,raw,RandomForest,0.660400,0.605000,0.503508
44,30,raw,MLP,0.684700,0.589700,0.616133
44,30,raw,Transformer,0.663700,0.566300,0.580228
44,30,log1p,DecisionTree,0.646000,0.587000,0.586624
44,30,log1p,RandomForest,0.661500,0.606900,0.502809
44,30,log1p,MLP,0.687300,0.587000,0.626220
44,30,log1p,Transformer,0.651000,0.548500,0.545791
44,30,zscore,DecisionTree,0.649700,0.583000,0.578861
44,30,zscore,RandomForest,0.659700,0.607700,0.504505
44,30,zscore,MLP,0.682200,0.589800,0.610417
44,30,zscore,Transformer,0.654300,0.563800,0.613728
44,40,raw,DecisionTree,0.660000,0.602100,0.578993
44,40,raw,RandomForest,0.690100,0.622100,0.541459
44,40,raw,MLP,0.715100,0.617000,0.618045
44,40,raw,Transformer,0.690500,0.582300,0.601108
44,40,log1p,DecisionTree,0.669300,0.606000,0.573492
44,40,log1p,RandomForest,0.693000,0.624300,0.543253
44,40,log1p,MLP,0.714500,0.620300,0.647481
44,40,log1p,Transformer,0.686800,0.569600,0.622810
44,40,zscore,DecisionTree,0.661000,0.598400,0.575454
44,40,zscore,RandomForest,0.690700,0.621300,0.542210
44,40,zscore,MLP,0.711100,0.619700,0.630607
44,40,zscore,Transformer,0.695900,0.583200,0.610662
44,50,raw,DecisionTree,0.674800,0.602400,0.587293
44,50,raw,RandomForest,0.726700,0.642600,0.562821
44,50,raw,MLP,0.762300,0.634900,0.666890
44,50,raw,Transformer,0.722400,0.596400,0.642145
44,50,log1p,DecisionTree,0.680500,0.603700,0.590847
44,50,log1p,RandomForest,0.728200,0.640800,0.565008
44,50,log1p,MLP,0.754900,0.635500,0.671361
44,50,log1p,Transformer,0.737500,0.621200,0.630834
44,50,zscore,DecisionTree,0.674100,0.604500,0.585559
44,50,zscore,RandomForest,0.725800,0.639900,0.564593
44,50,zscore,MLP,0.751900,0.639900,0.665309
44,50,zscore,Transformer,0.723900,0.606600,0.649721
44,60,raw,DecisionTree,0.681900,0.596000,0.588718
44,60,raw,RandomForest,0.743400,0.646600,0.556143
44,60,raw,MLP,0.782000,0.643000,0.659371
44,60,raw,Transformer,0.734500,0.617600,0.657116
44,60,log1p,DecisionTree,0.680100,0.599700,0.597573
44,60,log1p,RandomForest,0.746100,0.647900,0.561428
44,60,log1p,MLP,0.782600,0.647700,0.651581
44,60,log1p,Transformer,0.731500,0.616200,0.674147
44,60,zscore,DecisionTree,0.678000,0.602900,0.588293
44,60,zscore,RandomForest,0.745600,0.646300,0.557791
44,60,zscore,MLP,0.783100,0.652400,0.664538
44,60,zscore,Transformer,0.741200,0.620600,0.660743
44,70,raw,DecisionTree,0.697000,0.610100,0.586396
44,70,raw,RandomForest,0.763000,0.661800,0.564294
44,70,raw,MLP,0.802800,0.668800,0.660472
44,70,raw,Transformer,0.753600,0.631300,0.674026
44,70,log1p,DecisionTree,0.699500,0.608800,0.599006
44,70,log1p,RandomForest,0.763100,0.661200,0.566931
44,70,log1p,MLP,0.790900,0.670000,0.657553
44,70,log1p,Transformer,0.756100,0.626600,0.682527
44,70,zscore,DecisionTree,0.690600,0.615100,0.589321
44,70,zscore,RandomForest,0.762600,0.659600,0.566692
44,70,zscore,MLP,0.797700,0.666800,0.673775
44,70,zscore,Transformer,0.760300,0.621800,0.687093
44,80,raw,DecisionTree,0.698700,0.616200,0.597397
44,80,raw,RandomForest,0.769900,0.666300,0.560110
44,80,raw,MLP,0.818100,0.680100,0.669485
44,80,raw,Transformer,0.776100,0.637000,0.716973
44,80,log1p,DecisionTree,0.705300,0.623600,0.608965
44,80,log1p,RandomForest,0.779100,0.662100,0.567346
44,80,log1p,MLP,0.809300,0.686100,0.669289
44,80,log1p,Transformer,0.782500,0.630100,0.680990
44,80,zscore,DecisionTree,0.701600,0.618500,0.600956
44,80,zscore,RandomForest,0.772100,0.670400,0.563587
44,80,zscore,MLP,0.813800,0.687800,0.675069
44,80,zscore,Transformer,0.766900,0.631100,0.714941
44,90,raw,DecisionTree,0.703900,0.613700,0.585296
44,90,raw,RandomForest,0.778400,0.672100,0.561494
44,90,raw,MLP,0.830200,0.695400,0.675703
44,90,raw,Transformer,0.777500,0.660200,0.697942
44,90,log1p,DecisionTree,0.705000,0.627600,0.596485
44,90,log1p,RandomForest,0.787600,0.674100,0.565499
44,90,log1p,MLP,0.827000,0.695900,0.677498
44,90,log1p,Transformer,0.791300,0.644500,0.686407
44,90,zscore,DecisionTree,0.697500,0.619900,0.598758
44,90,zscore,RandomForest,0.778500,0.671400,0.561580
44,90,zscore,MLP,0.828400,0.692300,0.688995
44,90,zscore,Transformer,0.786400,0.660000,0.726108
44,100,raw,DecisionTree,0.695900,0.631300,0.586966
44,100,raw,RandomForest,0.786800,0.681900,0.564952
44,100,raw,MLP,0.852100,0.716100,0.674776
44,100,raw,Transformer,0.811400,0.670400,0.703230
44,100,log1p,DecisionTree,0.710600,0.630700,0.592626
44,100,log1p,RandomForest,0.792600,0.678000,0.573767
44,100,log1p,MLP,0.836000,0.702100,0.669777
44,100,log1p,Transformer,0.805300,0.651800,0.721094
44,100,zscore,DecisionTree,0.715000,0.617400,0.598281
44,100,zscore,RandomForest,0.788100,0.680400,0.569738
44,100,zscore,MLP,0.843800,0.712800,0.686696
44,100,zscore,Transformer,0.800000,0.650500,0.703060
44,110,raw,DecisionTree,0.700100,0.620300,0.602284
44,110,raw,RandomForest,0.790700,0.680300,0.565364
44,110,raw,MLP,0.858100,0.718200,0.677077
44,110,raw,Transformer,0.818500,0.677300,0.707030
44,110,log1p,DecisionTree,0.711200,0.626500,0.597466
44,110,log1p,RandomForest,0.797600,0.676500,0.573322
44,110,log1p,MLP,0.854600,0.718100,0.683955
44,110,log1p,Transformer,0.812500,0.652700,0.722449
44,110,zscore,DecisionTree,0.704400,0.621200,0.585366
44,110,zscore,RandomForest,0.798500,0.681400,0.572575
44,110,zscore,MLP,0.851000,0.713200,0.688304
44,110,zscore,Transformer,0.807000,0.653800,0.726640
44,120,raw,DecisionTree,0.694400,0.619600,0.592248
44,120,raw,RandomForest,0.795500,0.682600,0.568895
44,120,raw,MLP,0.864600,0.728600,0.693343
44,120,raw,Transformer,0.833300,0.677500,0.745237
44,120,log1p,DecisionTree,0.702900,0.627600,0.601375
44,120,log1p,RandomForest,0.803800,0.685700,0.579199
44,120,log1p,MLP,0.863300,0.724900,0.690197
44,120,log1p,Transformer,0.826900,0.694300,0.741389
44,120,zscore,DecisionTree,0.708000,0.619200,0.591294
44,120,zscore,RandomForest,0.801600,0.684000,0.573379
44,120,zscore,MLP,0.857400,0.719600,0.692702
44,120,zscore,Transformer,0.829500,0.666400,0.725807
44,130,raw,DecisionTree,0.721100,0.628800,0.590404
44,130,raw,RandomForest,0.807700,0.695300,0.574776
44,130,raw,MLP,0.878600,0.727200,0.697712
44,130,raw,Transformer,0.851300,0.703800,0.732838
44,130,log1p,DecisionTree,0.722000,0.630200,0.595201
44,130,log1p,RandomForest,0.817500,0.695700,0.584323
44,130,log1p,MLP,0.872200,0.732100,0.695409
44,130,log1p,Transformer,0.834500,0.697400,0.695858
44,130,zscore,DecisionTree,0.721200,0.626700,0.594002
44,130,zscore,RandomForest,0.813500,0.699800,0.579476
44,130,zscore,MLP,0.868800,0.723200,0.703373
44,130,zscore,Transformer,0.836500,0.691300,0.741035
44,140,raw,DecisionTree,0.713100,0.634300,0.588656
44,140,raw,RandomForest,0.816500,0.698900,0.581482
44,140,raw,MLP,0.885200,0.746400,0.701842
44,140,raw,Transformer,0.845000,0.691600,0.740579
44,140,log1p,DecisionTree,0.703800,0.634300,0.588559
44,140,log1p,RandomForest,0.815400,0.703200,0.587721
44,140,log1p,MLP,0.878500,0.741500,0.702495
44,140,log1p,Transformer,0.850000,0.706200,0.770073
44,140,zscore,DecisionTree,0.721200,0.627400,0.591422
44,140,zscore,RandomForest,0.819500,0.704200,0.582596
44,140,zscore,MLP,0.880600,0.733900,0.699976
44,140,zscore,Transformer,0.845500,0.673400,0.736118
44,150,raw,DecisionTree,0.741200,0.657000,0.576245
44,150,raw,RandomForest,0.821800,0.714300,0.584507
44,150,raw,MLP,0.892200,0.755500,0.698440
44,150,raw,Transformer,0.861700,0.719400,0.758587
44,150,log1p,DecisionTree,0.742200,0.658900,0.583643
44,150,log1p,RandomForest,0.828400,0.709300,0.587802
44,150,log1p,MLP,0.888600,0.752300,0.704123
44,150,log1p,Transformer,0.860200,0.719800,0.757349
44,150,zscore,DecisionTree,0.734100,0.660800,0.589050
44,150,zscore,RandomForest,0.825700,0.708600,0.583701
44,150,zscore,MLP,0.886300,0.746400,0.693663
44,150,zscore,Transformer,0.853700,0.713800,0.755154
44,200,raw,DecisionTree,0.747700,0.662800,0.575189
44,200,raw,RandomForest,0.835800,0.731600,0.589343
44,200,raw,MLP,0.909500,0.790500,0.721749
44,200,raw,Transformer,0.877800,0.750500,0.740049
44,200,log1p,DecisionTree,0.744000,0.664700,0.574191
44,200,log1p,RandomForest,0.838500,0.730500,0.596297
44,200,log1p,MLP,0.906200,0.784700,0.720497
44,200,log1p,Transformer,0.876000,0.753600,0.739430
44,200,zscore,DecisionTree,0.743400,0.661900,0.579701
44,200,zscore,RandomForest,0.834400,0.726700,0.592196
44,200,zscore,MLP,0.895400,0.771200,0.716083
44,200,zscore,Transformer,0.867800,0.733900,0.733760
44,300,raw,DecisionTree,0.766100,0.663000,0.575359
44,300,raw,RandomForest,0.852400,0.755600,0.607970
44,300,raw,MLP,0.937600,0.820000,0.718285
44,300,raw,Transformer,0.916100,0.805000,0.779513
44,300,log1p,DecisionTree,0.755700,0.668600,0.568660
44,300,log1p,RandomForest,0.856000,0.756800,0.614014
44,300,log1p,MLP,0.930700,0.817900,0.728913
44,300,log1p,Transformer,0.912700,0.805400,0.732272
44,300,zscore,DecisionTree,0.756100,0.670400,0.555812
44,300,zscore,RandomForest,0.853700,0.756900,0.608689
44,300,zscore,MLP,0.915900,0.787700,0.733902
44,300,zscore,Transformer,0.901900,0.781500,0.740835
44,400,raw,DecisionTree,0.771400,0.683200,0.546367
44,400,raw,RandomForest,0.864800,0.770500,0.611800
44,400,raw,MLP,0.942700,0.840700,0.734087
44,400,raw,Transformer,0.926300,0.825300,0.724099
44,400,log1p,DecisionTree,0.759200,0.676900,0.518257
44,400,log1p,RandomForest,0.864900,0.776700,0.618642
44,400,log1p,MLP,0.940400,0.838900,0.749829
44,400,log1p,Transformer,0.929000,0.835200,0.720371
44,400,zscore,DecisionTree,0.777600,0.689300,0.547961
44,400,zscore,RandomForest,0.860300,0.776800,0.614622
44,400,zscore,MLP,0.931000,0.819900,0.729317
44,400,zscore,Transformer,0.927800,0.813800,0.760944
44,500,raw,DecisionTree,0.778100,0.698100,0.542176
44,500,raw,RandomForest,0.870300,0.782000,0.605300
44,500,raw,MLP,0.950000,0.851700,0.733415
44,500,raw,Transformer,0.938900,0.853400,0.713767
44,500,log1p,DecisionTree,0.775300,0.700800,0.534605
44,500,log1p,RandomForest,0.867400,0.786400,0.623372
44,500,log1p,MLP,0.945900,0.851300,0.754983
44,500,log1p,Transformer,0.933500,0.846500,0.716096
44,500,zscore,DecisionTree,0.766800,0.670400,0.564175
44,500,zscore,RandomForest,0.867000,0.783500,0.615674
44,500,zscore,MLP,0.934900,0.823100,0.749652
44,500,zscore,Transformer,0.935200,0.832700,0.774384
44,600,raw,DecisionTree,0.798600,0.710000,0.538598
44,600,raw,RandomForest,0.877200,0.789900,0.611998
44,600,raw,MLP,0.947700,0.860700,0.767317
44,600,raw,Transformer,0.947000,0.865600,0.712957
44,600,log1p,DecisionTree,0.802800,0.715000,0.520500
44,600,log1p,RandomForest,0.878600,0.789100,0.622396
44,600,log1p,MLP,0.950800,0.858900,0.751393
44,600,log1p,Transformer,0.945400,0.865900,0.696128
44,600,zscore,DecisionTree,0.781000,0.700200,0.548145
44,600,zscore,RandomForest,0.880300,0.787500,0.617073
44,600,zscore,MLP,0.938200,0.838000,0.743716
44,600,zscore,Transformer,0.941400,0.849700,0.739223
45,10,raw,DecisionTree,0.586200,0.541200,0.490998
45,10,raw,RandomForest,0.586800,0.541200,0.488690
45,10,raw,MLP,0.590600,0.544500,0.488951
45,10,raw,Transformer,0.581100,0.547500,0.461936
45,10,log1p,DecisionTree,0.586400,0.541200,0.490823
45,10,log1p,RandomForest,0.587300,0.541200,0.490138
45,10,log1p,MLP,0.589800,0.544500,0.487230
45,10,log1p,Transformer,0.583100,0.546200,0.454722
45,10,zscore,DecisionTree,0.586300,0.541200,0.490651
45,10,zscore,RandomForest,0.586800,0.541200,0.398347
45,10,zscore,MLP,0.589500,0.544100,0.488869
45,10,zscore,Transformer,0.588500,0.544300,0.596942
45,20,raw,DecisionTree,0.631800,0.580500,0.534526
45,20,raw,RandomForest,0.635600,0.576400,0.528965
45,20,raw,MLP,0.639300,0.576900,0.555472
45,20,raw,Transformer,0.625700,0.574900,0.478451
45,20,log1p,DecisionTree,0.631000,0.581100,0.534611
45,20,log1p,RandomForest,0.635500,0.576400,0.528487
45,20,log1p,MLP,0.642800,0.578300,0.549116
45,20,log1p,Transformer,0.612300,0.540000,0.487844
45,20,zscore,DecisionTree,0.632000,0.580800,0.533685
45,20,zscore,RandomForest,0.635600,0.576400,0.534537
45,20,zscore,MLP,0.638300,0.578500,0.542799
45,20,zscore,Transformer,0.633600,0.577400,0.484072
45,30,raw,DecisionTree,0.657200,0.591500,0.584594
45,30,raw,RandomForest,0.682100,0.598800,0.540274
45,30,raw,MLP,0.686800,0.576500,0.622664
45,30,raw,Transformer,0.665300,0.560400,0.607947
45,30,log1p,DecisionTree,0.658200,0.584900,0.596506
45,30,log1p,RandomForest,0.679100,0.599100,0.543894
45,30,log1p,MLP,0.691500,0.577500,0.629130
45,30,log1p,Transformer,0.649900,0.562500,0.662501
45,30,zscore,DecisionTree,0.656700,0.589500,0.588448
45,30,zscore,RandomForest,0.679800,0.597600,0.542538
45,30,zscore,MLP,0.677600,0.584500,0.660511
45,30,zscore,Transformer,0.665000,0.573800,0.600680
45,40,raw,DecisionTree,0.665200,0.593500,0.602982
45,40,raw,RandomForest,0.696000,0.622800,0.538058
45,40,raw,MLP,0.724900,0.604700,0.632584
45,40,raw,Transformer,0.692000,0.594800,0.589983
45,40,log1p,DecisionTree,0.660100,0.596500,0.589954
45,40,log1p,RandomForest,0.696500,0.622400,0.540845
45,40,log1p,MLP,0.715800,0.607000,0.665974
45,40,log1p,Transformer,0.688400,0.580000,0.599312
45,40,zscore,DecisionTree,0.658000,0.592400,0.603233
45,40,zscore,RandomForest,0.696700,0.622900,0.538583
45,40,zscore,MLP,0.714900,0.599300,0.658590
45,40,zscore,Transformer,0.685600,0.579100,0.570268
45,50,raw,DecisionTree,0.677500,0.589700,0.605799
45,50,raw,RandomForest,0.728300,0.640600,0.549836
45,50,raw,MLP,0.760100,0.626600,0.647416
45,50,raw,Transformer,0.717400,0.604000,0.642372
45,50,log1p,DecisionTree,0.681500,0.601600,0.611377
45,50,log1p,RandomForest,0.729500,0.639400,0.554160
45,50,log1p,MLP,0.762100,0.633700,0.653087
45,50,log1p,Transformer,0.721000,0.611300,0.671508
45,50,zscore,DecisionTree,0.679800,0.588900,0.609847
45,50,zscore,RandomForest,0.730500,0.637600,0.552583
45,50,zscore,MLP,0.760600,0.624000,0.662661
45,50,zscore,Transformer,0.724000,0.599700,0.631943
45,60,raw,DecisionTree,0.675800,0.595200,0.598821
45,60,raw,RandomForest,0.744800,0.645000,0.559900
45,60,raw,MLP,0.789200,0.654000,0.659734
45,60,raw,Transformer,0.740400,0.596700,0.650005
45,60,log1p,DecisionTree,0.677300,0.600300,0.609977
45,60,log1p,RandomForest,0.741200,0.641600,0.563152
45,60,log1p,MLP,0.789000,0.646700,0.662489
45,60,log1p,Transformer,0.733600,0.614100,0.673560
45,60,zscore,DecisionTree,0.679400,0.596100,0.604834
45,60,zscore,RandomForest,0.744600,0.643700,0.563449
45,60,zscore,MLP,0.787300,0.651500,0.671668
45,60,zscore,Transformer,0.740000,0.609000,0.654037
45,70,raw,DecisionTree,0.699000,0.610500,0.600563
45,70,raw,RandomForest,0.757300,0.654700,0.562787
45,70,raw,MLP,0.803900,0.668000,0.657215
45,70,raw,Transformer,0.762200,0.627700,0.659923
45,70,log1p,DecisionTree,0.703200,0.612900,0.605807
45,70,log1p,RandomForest,0.761700,0.656700,0.567857
45,70,log1p,MLP,0.804600,0.663700,0.659184
45,70,log1p,Transformer,0.747200,0.608800,0.650831
45,70,zscore,DecisionTree,0.689800,0.606100,0.593685
45,70,zscore,RandomForest,0.762000,0.652300,0.566573
45,70,zscore,MLP,0.800700,0.667400,0.658716
45,70,zscore,Transformer,0.754000,0.626700,0.698608
45,80,raw,DecisionTree,0.686100,0.612100,0.599941
45,80,raw,RandomForest,0.775200,0.666400,0.566924
45,80,raw,MLP,0.818800,0.688100,0.653345
45,80,raw,Transformer,0.762100,0.624800,0.682179
45,80,log1p,DecisionTree,0.701900,0.624300,0.608464
45,80,log1p,RandomForest,0.774900,0.670300,0.568457
45,80,log1p,MLP,0.818800,0.694900,0.661519
45,80,log1p,Transformer,0.765100,0.634900,0.688385
45,80,zscore,DecisionTree,0.683700,0.611300,0.601355
45,80,zscore,RandomForest,0.772900,0.665600,0.566187
45,80,zscore,MLP,0.818900,0.693000,0.672795
45,80,zscore,Transformer,0.776700,0.630600,0.705062
45,90,raw,DecisionTree,0.696800,0.615600,0.603784
45,90,raw,RandomForest,0.788800,0.674200,0.575420
45,90,raw,MLP,0.824600,0.690600,0.666113
45,90,raw,Transformer,0.785700,0.651800,0.723626
45,90,log1p,DecisionTree,0.704600,0.602000,0.609750
45,90,log1p,RandomForest,0.791900,0.667600,0.580241
45,90,log1p,MLP,0.833700,0.695600,0.674603
45,90,log1p,Transformer,0.782500,0.641600,0.707460
45,90,zscore,DecisionTree,0.699100,0.617400,0.588989
45,90,zscore,RandomForest,0.791300,0.670300,0.576290
45,90,zscore,MLP,0.822700,0.693000,0.678514
45,90,zscore,Transformer,0.786700,0.649600,0.690493
45,100,raw,DecisionTree,0.694400,0.623400,0.598162
45,100,raw,RandomForest,0.795300,0.678200,0.575576
45,100,raw,MLP,0.840300,0.713000,0.678026
45,100,raw,Transformer,0.801800,0.648700,0.738600
45,100,log1p,DecisionTree,0.709600,0.620400,0.598119
45,100,log1p,RandomForest,0.798200,0.679300,0.579955
45,100,log1p,MLP,0.839700,0.713900,0.676461
45,100,log1p,Transformer,0.802700,0.663200,0.704871
45,100,zscore,DecisionTree,0.696700,0.618000,0.587868
45,100,zscore,RandomForest,0.792900,0.681400,0.577180
45,100,zscore,MLP,0.836000,0.711400,0.681626
45,100,zscore,Transformer,0.801300,0.666900,0.730643
45,110,raw,DecisionTree,0.706800,0.624700,0.593146
45,110,raw,RandomForest,0.803700,0.680100,0.571224
45,110,raw,MLP,0.852300,0.717100,0.682079
45,110,raw,Transformer,0.815900,0.670400,0.702566
45,110,log1p,DecisionTree,0.713200,0.634400,0.610532
45,110,log1p,RandomForest,0.806300,0.682000,0.578896
45,110,log1p,MLP,0.852800,0.726900,0.686227
45,110,log1p,Transformer,0.818900,0.658300,0.723547
45,110,zscore,DecisionTree,0.707400,0.614800,0.595102
45,110,zscore,RandomForest,0.805000,0.684200,0.574111
45,110,zscore,MLP,0.850000,0.719800,0.679199
45,110,zscore,Transformer,0.806600,0.665100,0.724171
45,120,raw,DecisionTree,0.718200,0.629100,0.594060
45,120,raw,RandomForest,0.807700,0.684500,0.572040
45,120,raw,MLP,0.854000,0.727200,0.680855
45,120,raw,Transformer,0.824900,0.682000,0.705682
45,120,log1p,DecisionTree,0.701700,0.630700,0.586120
45,120,log1p,RandomForest,0.812000,0.690600,0.578318
45,120,log1p,MLP,0.853900,0.720300,0.682482
45,120,log1p,Transformer,0.826400,0.692500,0.703953
45,120,zscore,DecisionTree,0.709100,0.622300,0.598715
45,120,zscore,RandomForest,0.805300,0.688100,0.576581
45,120,zscore,MLP,0.851400,0.717900,0.688610
45,120,zscore,Transformer,0.820300,0.677200,0.712080
45,130,raw,DecisionTree,0.727600,0.632800,0.588343
45,130,raw,RandomForest,0.819800,0.697600,0.577581
45,130,raw,MLP,0.867600,0.744600,0.693473
45,130,raw,Transformer,0.836900,0.674000,0.727497
45,130,log1p,DecisionTree,0.730500,0.643600,0.578995
45,130,log1p,RandomForest,0.826400,0.692300,0.589009
45,130,log1p,MLP,0.864000,0.738300,0.687013
45,130,log1p,Transformer,0.834000,0.687500,0.681363
45,130,zscore,DecisionTree,0.726900,0.632200,0.586207
45,130,zscore,RandomForest,0.821100,0.697300,0.583613
45,130,zscore,MLP,0.856900,0.735800,0.696510
45,130,zscore,Transformer,0.837500,0.697800,0.734621
45,140,raw,DecisionTree,0.724800,0.638600,0.581745
45,140,raw,RandomForest,0.822600,0.698500,0.586531
45,140,raw,MLP,0.879200,0.751900,0.686774
45,140,raw,Transformer,0.838700,0.660200,0.715610
45,140,log1p,DecisionTree,0.723700,0.639400,0.582168
45,140,log1p,RandomForest,0.824000,0.702700,0.591557
45,140,log1p,MLP,0.879700,0.752200,0.693592
45,140,log1p,Transformer,0.852600,0.701400,0.716062
45,140,zscore,DecisionTree,0.720700,0.631500,0.586392
45,140,zscore,RandomForest,0.826100,0.698700,0.587760
45,140,zscore,MLP,0.871700,0.739800,0.689684
45,140,zscore,Transformer,0.847900,0.696400,0.765613
45,150,raw,DecisionTree,0.734200,0.639600,0.589985
45,150,raw,RandomForest,0.828800,0.710000,0.591603
45,150,raw,MLP,0.880900,0.754400,0.701660
45,150,raw,Transformer,0.856900,0.689500,0.757405
45,150,log1p,DecisionTree,0.734000,0.651100,0.592376
45,150,log1p,RandomForest,0.824700,0.714900,0.599028
45,150,log1p,MLP,0.879800,0.741300,0.710187
45,150,log1p,Transformer,0.849200,0.719900,0.703917
45,150,zscore,DecisionTree,0.728200,0.636700,0.600352
45,150,zscore,RandomForest,0.826200,0.710700,0.590566
45,150,zscore,MLP,0.878600,0.746800,0.711254
45,150,zscore,Transformer,0.848100,0.697600,0.724209
45,200,raw,DecisionTree,0.742100,0.648400,0.574664
45,200,raw,RandomForest,0.840100,0.740300,0.600942
45,200,raw,MLP,0.909800,0.787000,0.700180
45,200,raw,Transformer,0.878000,0.751700,0.729954
45,200,log1p,DecisionTree,0.741700,0.655500,0.562560
45,200,log1p,RandomForest,0.841600,0.735300,0.608194
45,200,log1p,MLP,0.906400,0.791500,0.707654
45,200,log1p,Transformer,0.883300,0.751800,0.738226
45,200,zscore,DecisionTree,0.743800,0.654000,0.585019
45,200,zscore,RandomForest,0.839600,0.737500,0.602537
45,200,zscore,MLP,0.892900,0.767000,0.715890
45,200,zscore,Transformer,0.877000,0.728300,0.752091
45,300,raw,DecisionTree,0.755500,0.671000,0.559933
45,300,raw,RandomForest,0.865900,0.762100,0.607509
45,300,raw,MLP,0.929500,0.820100,0.736208
45,300,raw,Transformer,0.918500,0.804400,0.786856
45,300,log1p,DecisionTree,0.753700,0.668800,0.546526
45,300,log1p,RandomForest,0.867100,0.754700,0.617481
45,300,log1p,MLP,0.933800,0.820000,0.742287
45,300,log1p,Transformer,0.916400,0.806200,0.726180
45,300,zscore,DecisionTree,0.764600,0.666700,0.556311
45,300,zscore,RandomForest,0.863600,0.760500,0.611260
45,300,zscore,MLP,0.921800,0.806600,0.721152
45,300,zscore,Transformer,0.907400,0.770700,0.750126
45,400,raw,DecisionTree,0.779900,0.698000,0.549833
45,400,raw,RandomForest,0.870900,0.779500,0.614152
45,400,raw,MLP,0.937700,0.837200,0.721745
45,400,raw,Transformer,0.928500,0.831600,0.741801
45,400,log1p,DecisionTree,0.768500,0.690900,0.543221
45,400,log1p,RandomForest,0.875200,0.778000,0.620272
45,400,log1p,MLP,0.943300,0.836300,0.752587
45,400,log1p,Transformer,0.921700,0.826000,0.705455
45,400,zscore,DecisionTree,0.768700,0.692600,0.545812
45,400,zscore,RandomForest,0.870200,0.778800,0.614507
45,400,zscore,MLP,0.933700,0.830000,0.728741
45,400,zscore,Transformer,0.914500,0.802400,0.735593
45,500,raw,DecisionTree,0.784000,0.695800,0.549200
45,500,raw,RandomForest,0.875400,0.782100,0.614374
45,500,raw,MLP,0.956200,0.856400,0.744898
45,500,raw,Transformer,0.942000,0.837700,0.717209
45,500,log1p,DecisionTree,0.787000,0.697500,0.525679
45,500,log1p,RandomForest,0.873900,0.779600,0.619056
45,500,log1p,MLP,0.946600,0.841100,0.758568
45,500,log1p,Transformer,0.939800,0.850500,0.716440
45,500,zscore,DecisionTree,0.791800,0.694500,0.553198
45,500,zscore,RandomForest,0.877300,0.779200,0.614546
45,500,zscore,MLP,0.942000,0.829100,0.735522
45,500,zscore,Transformer,0.913800,0.813200,0.691181
45,600,raw,DecisionTree,0.791200,0.713700,0.539836
45,600,raw,RandomForest,0.884200,0.784800,0.614648
45,600,raw,MLP,0.951200,0.848100,0.768895
45,600,raw,Transformer,0.949900,0.859500,0.701292
45,600,log1p,DecisionTree,0.794000,0.711700,0.534094
45,600,log1p,RandomForest,0.885900,0.790600,0.622067
45,600,log1p,MLP,0.961800,0.867400,0.747276
45,600,log1p,Transformer,0.948900,0.868500,0.704306
45,600,zscore,DecisionTree,0.794100,0.715700,0.533030
45,600,zscore,RandomForest,0.884300,0.792000,0.617853
45,600,zscore,MLP,0.951600,0.830300,0.748476
45,600,zscore,Transformer,0.945400,0.850900,0.744542
46,10,raw,DecisionTree,0.577600,0.528100,0.506621
46,10,raw,RandomForest,0.580300,0.527900,0.416064
46,10,raw,MLP,0.573000,0.522700,0.592977
46,10,raw,Transformer,0.571000,0.522000,0.499117
46,10,log1p,DecisionTree,0.577700,0.528100,0.506611
46,10,log1p,RandomForest,0.580300,0.527900,0.506030
46,10,log1p,MLP,0.573500,0.522200,0.644970
46,10,log1p,Transformer,0.572400,0.535900,0.504159
46,10,zscore,DecisionTree,0.577600,0.528100,0.506621
46,10,zscore,RandomForest,0.580300,0.527900,0.505492
46,10,zscore,MLP,0.577300,0.524300,0.532779
46,10,zscore,Transformer,0.568200,0.520300,0.522996
46,20,raw,DecisionTree,0.637000,0.571700,0.542618
46,20,raw,RandomForest,0.641100,0.578400,0.552684
46,20,raw,MLP,0.646200,0.570500,0.575816
46,20,raw,Transformer,0.628800,0.587400,0.480794
46,20,log1p,DecisionTree,0.638200,0.572100,0.542673
46,20,log1p,RandomForest,0.641700,0.578400,0.544896
46,20,log1p,MLP,0.641100,0.565400,0.565968
46,20,log1p,Transformer,0.627800,0.576400,0.509947
46,20,zscore,DecisionTree,0.636800,0.571700,0.543457
46,20,zscore,RandomForest,0.641700,0.578400,0.545918
46,20,zscore,MLP,0.638900,0.567200,0.563896
46,20,zscore,Transformer,0.617300,0.555500,0.505846
46,30,raw,DecisionTree,0.662900,0.582600,0.592356
46,30,raw,RandomForest,0.679200,0.600700,0.530118
46,30,raw,MLP,0.691300,0.584600,0.649597
46,30,raw,Transformer,0.661900,0.570000,0.619645
46,30,log1p,DecisionTree,0.660300,0.585800,0.592620
46,30,log1p,RandomForest,0.682700,0.600600,0.531237
46,30,log1p,MLP,0.695700,0.584300,0.646689
46,30,log1p,Transformer,0.683800,0.582900,0.673790
46,30,zscore,DecisionTree,0.660300,0.584200,0.586040
46,30,zscore,RandomForest,0.681600,0.601000,0.531297
46,30,zscore,MLP,0.696100,0.586000,0.649346
46,30,zscore,Transformer,0.674500,0.598800,0.601200
46,40,raw,DecisionTree,0.657600,0.604600,0.580782
46,40,raw,RandomForest,0.695600,0.624400,0.549876
46,40,raw,MLP,0.711200,0.607900,0.662894
46,40,raw,Transformer,0.697200,0.582400,0.545122
46,40,log1p,DecisionTree,0.664300,0.595700,0.607786
46,40,log1p,RandomForest,0.697100,0.620200,0.552419
46,40,log1p,MLP,0.707600,0.605200,0.671874
46,40,log1p,Transformer,0.690900,0.584900,0.642368
46,40,zscore,DecisionTree,0.661900,0.602000,0.573026
46,40,zscore,RandomForest,0.696300,0.624500,0.546955
46,40,zscore,MLP,0.712100,0.609000,0.652058
46,40,zscore,Transformer,0.688300,0.583000,0.543119
46,50,raw,DecisionTree,0.676600,0.606300,0.589446
46,50,raw,RandomForest,0.724400,0.636200,0.567508
46,50,raw,MLP,0.760300,0.636100,0.640596
46,50,raw,Transformer,0.723700,0.604600,0.662856
46,50,log1p,DecisionTree,0.670600,0.601900,0.603676
46,50,log1p,RandomForest,0.728700,0.634000,0.568849
46,50,log1p,MLP,0.757100,0.629900,0.649255
46,50,log1p,Transformer,0.717300,0.584700,0.693231
46,50,zscore,DecisionTree,0.680400,0.602800,0.608323
46,50,zscore,RandomForest,0.726800,0.633200,0.564976
46,50,zscore,MLP,0.758100,0.630700,0.658645
46,50,zscore,Transformer,0.727300,0.604100,0.669246
46,60,raw,DecisionTree,0.684300,0.608600,0.601073
46,60,raw,RandomForest,0.735700,0.642600,0.566177
46,60,raw,MLP,0.776900,0.645600,0.659485
46,60,raw,Transformer,0.743500,0.611200,0.661135
46,60,log1p,DecisionTree,0.676600,0.607500,0.620072
46,60,log1p,RandomForest,0.738800,0.644500,0.571799
46,60,log1p,MLP,0.776500,0.646800,0.658696
46,60,log1p,Transformer,0.728800,0.597100,0.696880
46,60,zscore,DecisionTree,0.687800,0.604300,0.599037
46,60,zscore,RandomForest,0.736700,0.645200,0.567473
46,60,zscore,MLP,0.771300,0.651500,0.660028
46,60,zscore,Transformer,0.734200,0.611900,0.653572
46,70,raw,DecisionTree,0.693700,0.612400,0.610462
46,70,raw,RandomForest,0.751700,0.652400,0.574281
46,70,raw,MLP,0.802200,0.669900,0.648761
46,70,raw,Transformer,0.753600,0.626200,0.686340
46,70,log1p,DecisionTree,0.694700,0.613700,0.601411
46,70,log1p,RandomForest,0.757200,0.653100,0.575456
46,70,log1p,MLP,0.793000,0.671000,0.660023
46,70,log1p,Transformer,0.754700,0.621500,0.687871
46,70,zscore,DecisionTree,0.709400,0.619400,0.602725
46,70,zscore,RandomForest,0.753400,0.658700,0.571791
46,70,zscore,MLP,0.799200,0.663900,0.666700
46,70,zscore,Transformer,0.759900,0.621500,0.694922
46,80,raw,DecisionTree,0.698100,0.617300,0.604179
46,80,raw,RandomForest,0.760200,0.663400,0.578622
46,80,raw,MLP,0.817500,0.685900,0.656799
46,80,raw,Transformer,0.775400,0.648500,0.724228
46,80,log1p,DecisionTree,0.701400,0.611100,0.600433
46,80,log1p,RandomForest,0.767200,0.666500,0.586483
46,80,log1p,MLP,0.813300,0.678100,0.663267
46,80,log1p,Transformer,0.770600,0.643800,0.708680
46,80,zscore,DecisionTree,0.697100,0.615600,0.598452
46,80,zscore,RandomForest,0.760900,0.669700,0.580483
46,80,zscore,MLP,0.815300,0.684600,0.661373
46,80,zscore,Transformer,0.771800,0.632900,0.731727
46,90,raw,DecisionTree,0.698300,0.621800,0.602630
46,90,raw,RandomForest,0.777200,0.680000,0.581475
46,90,raw,MLP,0.828800,0.701200,0.676290
46,90,raw,Transformer,0.787200,0.650600,0.699124
46,90,log1p,DecisionTree,0.710800,0.612500,0.599881
46,90,log1p,RandomForest,0.782400,0.679500,0.582042
46,90,log1p,MLP,0.829700,0.700300,0.669903
46,90,log1p,Transformer,0.786300,0.649300,0.684776
46,90,zscore,DecisionTree,0.709600,0.618300,0.583548
46,90,zscore,RandomForest,0.780800,0.679900,0.581131
46,90,zscore,MLP,0.831000,0.696100,0.676069
46,90,zscore,Transformer,0.784200,0.654700,0.683896
46,100,raw,DecisionTree,0.713600,0.627400,0.577328
46,100,raw,RandomForest,0.783000,0.681600,0.587735
46,100,raw,MLP,0.844400,0.716900,0.680306
46,100,raw,Transformer,0.802700,0.661600,0.711730
46,100,log1p,DecisionTree,0.714000,0.618100,0.587507
46,100,log1p,RandomForest,0.790200,0.681500,0.592209
46,100,log1p,MLP,0.836500,0.715400,0.679437
46,100,log1p,Transformer,0.795800,0.672100,0.710512
46,100,zscore,DecisionTree,0.709500,0.625800,0.583774
46,100,zscore,RandomForest,0.793400,0.685000,0.582317
46,100,zscore,MLP,0.844100,0.721100,0.676929
46,100,zscore,Transformer,0.809500,0.671900,0.748285
46,110,raw,DecisionTree,0.701000,0.618600,0.599631
46,110,raw,RandomForest,0.789600,0.682500,0.589231
46,110,raw,MLP,0.850400,0.715600,0.679494
46,110,raw,Transformer,0.808900,0.673100,0.732057
46,110,log1p,DecisionTree,0.702300,0.616900,0.604470
46,110,log1p,RandomForest,0.797200,0.689900,0.594013
46,110,log1p,MLP,0.853300,0.719900,0.683504
46,110,log1p,Transformer,0.808900,0.674900,0.720794
46,110,zscore,DecisionTree,0.704600,0.625600,0.613781
46,110,zscore,RandomForest,0.793800,0.690400,0.591160
46,110,zscore,MLP,0.842200,0.716800,0.693637
46,110,zscore,Transformer,0.800200,0.669000,0.735108
46,120,raw,DecisionTree,0.697900,0.618600,0.589553
46,120,raw,RandomForest,0.795900,0.691100,0.584209
46,120,raw,MLP,0.856700,0.725800,0.685520
46,120,raw,Transformer,0.814300,0.686600,0.721496
46,120,log1p,DecisionTree,0.701900,0.622200,0.587810
46,120,log1p,RandomForest,0.802400,0.690800,0.597512
46,120,log1p,MLP,0.852400,0.722400,0.684533
46,120,log1p,Transformer,0.813400,0.685800,0.712518
46,120,zscore,DecisionTree,0.713400,0.624400,0.598005
46,120,zscore,RandomForest,0.794200,0.689800,0.589684
46,120,zscore,MLP,0.855200,0.727300,0.695328
46,120,zscore,Transformer,0.810600,0.677700,0.733097
46,130,raw,DecisionTree,0.728500,0.636500,0.590839
46,130,raw,RandomForest,0.810700,0.706100,0.596544
46,130,raw,MLP,0.875100,0.745100,0.696217
46,130,raw,Transformer,0.833800,0.690700,0.767634
46,130,log1p,DecisionTree,0.732000,0.635200,0.600547
46,130,log1p,RandomForest,0.814300,0.705700,0.602018
46,130,log1p,MLP,0.870700,0.740100,0.690503
46,130,log1p,Transformer,0.831100,0.700600,0.737775
46,130,zscore,DecisionTree,0.733800,0.630400,0.594415
46,130,zscore,RandomForest,0.814500,0.707100,0.595626
46,130,zscore,MLP,0.868200,0.736700,0.690631
46,130,zscore,Transformer,0.822900,0.692700,0.744451
46,140,raw,DecisionTree,0.720300,0.626700,0.595514
46,140,raw,RandomForest,0.813100,0.713000,0.599351
46,140,raw,MLP,0.871300,0.748500,0.704098
46,140,raw,Transformer,0.843400,0.702900,0.770408
46,140,log1p,DecisionTree,0.722800,0.637900,0.594650
46,140,log1p,RandomForest,0.815300,0.710700,0.604629
46,140,log1p,MLP,0.872600,0.755200,0.704673
46,140,log1p,Transformer,0.838500,0.709500,0.733831
46,140,zscore,DecisionTree,0.726600,0.633600,0.597465
46,140,zscore,RandomForest,0.812400,0.712700,0.599049
46,140,zscore,MLP,0.868000,0.742600,0.697794
46,140,zscore,Transformer,0.838100,0.697000,0.769193
46,150,raw,DecisionTree,0.739000,0.653400,0.589591
46,150,raw,RandomForest,0.811800,0.721500,0.594513
46,150,raw,MLP,0.883100,0.767300,0.696059
46,150,raw,Transformer,0.850800,0.713500,0.747041
46,150,log1p,DecisionTree,0.736300,0.641300,0.590801
46,150,log1p,RandomForest,0.817800,0.718700,0.602921
46,150,log1p,MLP,0.882900,0.757300,0.693601
46,150,log1p,Transformer,0.844200,0.712400,0.711246
46,150,zscore,DecisionTree,0.732600,0.647800,0.611113
46,150,zscore,RandomForest,0.816800,0.723000,0.599866
46,150,zscore,MLP,0.875600,0.752500,0.705257
46,150,zscore,Transformer,0.848500,0.702400,0.718723
46,200,raw,DecisionTree,0.736400,0.649400,0.586860
46,200,raw,RandomForest,0.830500,0.737300,0.607681
46,200,raw,MLP,0.911100,0.790200,0.715212
46,200,raw,Transformer,0.874700,0.738200,0.778466
46,200,log1p,DecisionTree,0.742700,0.648600,0.600779
46,200,log1p,RandomForest,0.838400,0.739300,0.614769
46,200,log1p,MLP,0.901900,0.784800,0.711973
46,200,log1p,Transformer,0.873200,0.747400,0.735562
46,200,zscore,DecisionTree,0.735000,0.642100,0.591888
46,200,zscore,RandomForest,0.834000,0.741600,0.612923
46,200,zscore,MLP,0.897200,0.772700,0.719490
46,200,zscore,Transformer,0.876200,0.740400,0.769711
46,300,raw,DecisionTree,0.747600,0.670200,0.558776
46,300,raw,RandomForest,0.858000,0.751800,0.616333
46,300,raw,MLP,0.932100,0.804600,0.746873
46,300,raw,Transformer,0.901200,0.787600,0.736936
46,300,log1p,DecisionTree,0.756800,0.665200,0.575018
46,300,log1p,RandomForest,0.859100,0.752200,0.624675
46,300,log1p,MLP,0.938800,0.813400,0.751832
46,300,log1p,Transformer,0.902700,0.789600,0.746376
46,300,zscore,DecisionTree,0.755900,0.657000,0.581785
46,300,zscore,RandomForest,0.856300,0.752800,0.618167
46,300,zscore,MLP,0.917700,0.791800,0.726114
46,300,zscore,Transformer,0.901700,0.782600,0.751374
46,400,raw,DecisionTree,0.764700,0.689500,0.562346
46,400,raw,RandomForest,0.865600,0.767000,0.622010
46,400,raw,MLP,0.939900,0.839600,0.752738
46,400,raw,Transformer,0.926000,0.825800,0.743103
46,400,log1p,DecisionTree,0.762700,0.685300,0.546421
46,400,log1p,RandomForest,0.871300,0.778400,0.629388
46,400,log1p,MLP,0.937400,0.836000,0.757582
46,400,log1p,Transformer,0.921600,0.822200,0.729452
46,400,zscore,DecisionTree,0.782100,0.688500,0.553859
46,400,zscore,RandomForest,0.865200,0.769100,0.624051
46,400,zscore,MLP,0.935600,0.829900,0.741122
46,400,zscore,Transformer,0.924100,0.811500,0.771986
46,500,raw,DecisionTree,0.794100,0.707600,0.530480
46,500,raw,RandomForest,0.869200,0.777900,0.618895
46,500,raw,MLP,0.948200,0.849800,0.753422
46,500,raw,Transformer,0.935700,0.837000,0.734042
46,500,log1p,DecisionTree,0.796100,0.703200,0.521629
46,500,log1p,RandomForest,0.869100,0.785300,0.633908
46,500,log1p,MLP,0.946500,0.840400,0.766586
46,500,log1p,Transformer,0.932300,0.840000,0.724688
46,500,zscore,DecisionTree,0.785300,0.704600,0.535149
46,500,zscore,RandomForest,0.871000,0.782800,0.625580
46,500,zscore,MLP,0.924000,0.811400,0.740533
46,500,zscore,Transformer,0.936400,0.827900,0.767316
46,600,raw,DecisionTree,0.783900,0.711300,0.532656
46,600,raw,RandomForest,0.871400,0.786300,0.619275
46,600,raw,MLP,0.944200,0.844900,0.747822
46,600,raw,Transformer,0.946600,0.857900,0.728237
46,600,log1p,DecisionTree,0.794500,0.708100,0.526049
46,600,log1p,RandomForest,0.878200,0.788800,0.627723
46,600,log1p,MLP,0.955300,0.862700,0.753132
46,600,log1p,Transformer,0.940700,0.863200,0.715352
46,600,zscore,DecisionTree,0.784200,0.710500,0.527183
46,600,zscore,RandomForest,0.877500,0.794300,0.620625
46,600,zscore,MLP,0.934800,0.841100,0.747611
46,600,zscore,Transformer,0.922000,0.822000,0.696088
